country_unep,household_year,household_region,household_kg_per_capita_year,household_tonnes_year,household_confidence,food_service_year,food_service_kg_per_capita_year,food_service_tonnes_year,food_service_confidence,retail_year,retail_kg_per_capita_year,retail_tonnes_year,retail_confidence,average_temperature,temperature_year,temperature_unit,income_year,income_region,income_group,income_lending_category,gdp_per_capita_year,gdp_per_capita,population_density_year,population_density,tourism_arrivals_year,tourism_arrivals,access_to_electricity_year,access_to_electricity,total_population_year,total_population,total_food_waste_kg_per_capita_year,total_food_waste_tonnes_year,household_share_pct,food_service_share_pct,retail_share_pct,main_contributing_sector,tourists_per_resident,income_rank,population_size_category,temperature_band,gdp_per_capita_category,coverage_score,sector_share_total
Australia,2024,Australia and New Zealand,98,2559065.0,High Confidence,2024,58,1524669.0,High Confidence,2024,21,547033.0,High Confidence,22.31,2024,Celsius,2024,East Asia & Pacific,High Income,,2024,64603.9856308464,2023,3.46591948538875,2020,1828000.0,2023,100.0,2024,27196812.0,177,4630767.0,55.26,32.92,11.81,Household,0.07,4,Medium (10M-50M),Warm (20°C-25°C),High GDP per Capita,9,99.99000000000001
New Zealand,2024,Australia and New Zealand,61,316590.0,High Confidence,2024,39,204552.0,Very Low Confidence,2024,3,16193.0,High Confidence,11.2,2024,Celsius,2024,East Asia & Pacific,High Income,,2024,49205.1792146792,2023,19.7485853176864,2020,996000.0,2023,100.0,2024,5287500.0,103,537335.0,58.92,38.07,3.01,Household,0.19,4,Small (1M-10M),Cool (10°C-20°C),High GDP per Capita,9,100.00000000000001
Kazakhstan,2024,Central Asia,88,1708990.0,Very Low Confidence,2024,31,595583.0,Very Low Confidence,2024,21,408228.0,Very Low Confidence,8.93,2024,Celsius,2024,Europe & Central Asia,Upper Middle Income,IBRD,2024,14154.6324958076,2023,7.53050487091158,2020,2035000.0,2023,100.0,2024,20592571.0,140,2712801.0,63.0,21.95,15.05,Household,0.1,3,Medium (10M-50M),Cold (<10°C),Lower-Middle GDP per Capita,9,100.0
Kyrgyzstan,2024,Central Asia,86,568288.0,Very Low Confidence,2024,31,206441.0,Very Low Confidence,2024,10,64164.0,Very Low Confidence,4.34,2024,Celsius,2024,Europe & Central Asia,Lower Middle Income,IDA,2024,2420.18542283831,2023,37.0164233576642,2019,8508000.0,2023,100.0,2024,7221868.0,127,838893.0,67.74,24.61,7.65,Household,1.18,2,Small (1M-10M),Cold (<10°C),Low GDP per Capita,9,100.0
Tajikistan,2024,Central Asia,86,852861.0,Very Low Confidence,2024,31,309818.0,Very Low Confidence,2024,10,96295.0,Very Low Confidence,5.7,2024,Celsius,2024,Europe & Central Asia,Lower Middle Income,IDA,2024,1341.20229027672,2023,74.8598530153469,2018,1035000.0,2023,100.0,2024,10590927.0,127,1258974.0,67.74,24.61,7.65,Household,0.1,2,Medium (10M-50M),Cold (<10°C),Low GDP per Capita,9,100.0
Turkmenistan,2024,Central Asia,88,566433.0,Very Low Confidence,2024,31,197402.0,Very Low Confidence,2024,21,135304.0,Very Low Confidence,18.3,2024,Celsius,2024,Europe & Central Asia,Upper Middle Income,IBRD,2024,6856.65802730208,2023,15.6713510522844,,,2023,100.0,2024,7494498.0,140,899139.0,63.0,21.95,15.05,Household,,3,Small (1M-10M),Cool (10°C-20°C),Lower-Middle GDP per Capita,8,100.0
Uzbekistan,2024,Central Asia,86,2968299.0,Very Low Confidence,2024,31,1078289.0,Very Low Confidence,2024,10,335145.0,Very Low Confidence,15.64,2024,Celsius,2024,Europe & Central Asia,Lower Middle Income,Blend,2024,3161.70010632875,2023,80.9084466129581,2019,6749000.0,2023,100.0,2024,36361859.0,127,4381733.0,67.74,24.61,7.65,Household,0.19,2,Medium (10M-50M),Cool (10°C-20°C),Low GDP per Capita,9,100.0
China,2024,Eastern Asia,76,108667369.0,Medium Confidence,2024,46,65071246.0,High Confidence,2024,20,28227822.0,Medium Confidence,8.41,2024,Celsius,2024,East Asia & Pacific,Upper Middle Income,IBRD,2024,13303.1481543868,2023,150.264001337848,2020,30402000.0,2023,100.0,2024,1408975000.0,142,201966437.0,53.8,32.22,13.98,Household,0.02,3,Very Large (>100M),Cold (<10°C),Lower-Middle GDP per Capita,9,100.0
"China, Hong Kong SAR",2024,Eastern Asia,101,759923.0,Medium Confidence,2024,25,185069.0,Very Low Confidence,2024,14,102909.0,Very Low Confidence,24.09,2024,Celsius,2024,East Asia & Pacific,High Income,,2024,54074.6928519479,2023,7177.2380952381,2020,3569000.0,2023,100.0,2024,7524100.0,140,1047901.0,72.52,17.66,9.82,Household,0.47,4,Small (1M-10M),Warm (20°C-25°C),High GDP per Capita,9,100.0
"China, Macao SAR",2024,Eastern Asia,76,53016.0,Low Confidence,2024,25,17296.0,Very Low Confidence,2024,14,9618.0,Very Low Confidence,23.84,2024,Celsius,2024,East Asia & Pacific,High Income,,2024,72004.7437020733,2023,20569.696969697,2020,5897000.0,2023,100.0,2024,687000.0,115,79930.0,66.33,21.64,12.03,Household,8.58,4,Very Small (<1M),Warm (20°C-25°C),High GDP per Capita,9,100.0
Dem. People's Rep. Korea,2024,Eastern Asia,81,2104855.0,Low Confidence,2024,30,781678.0,Very Low Confidence,2024,12,312940.0,Very Low Confidence,8.07,2024,Celsius,2024,East Asia & Pacific,Low Income,,,,2023,219.402076239515,,,2023,57.5,2024,26498823.0,123,3199473.0,65.79,24.43,9.78,Household,,1,Medium (10M-50M),Cold (<10°C),,7,100.0
Japan,2024,Eastern Asia,60,7398006.0,High Confidence,2024,12,1490488.0,High Confidence,2024,9,1098567.0,High Confidence,13.0,2024,Celsius,2024,East Asia & Pacific,High Income,,2024,32487.0778047567,2023,341.54455749932,2020,4115799.8046875,2023,100.0,2024,123975371.0,81,9987061.0,74.08,14.92,11.0,Household,0.03,4,Very Large (>100M),Cool (10°C-20°C),Upper-Middle GDP per Capita,9,100.0
Mongolia,2024,Eastern Asia,18,60364.0,Medium Confidence,2024,30,101945.0,Very Low Confidence,2024,12,40813.0,Very Low Confidence,1.82,2024,Celsius,2024,East Asia & Pacific,Upper Middle Income,IBRD,2024,6750.6301157724,2023,2.23365125312889,2020,66900.0015258789,2023,100.0,2024,3524788.0,60,203122.0,29.72,50.19,20.09,Food Service,0.02,3,Small (1M-10M),Cold (<10°C),Lower-Middle GDP per Capita,9,100.0
Republic of Korea,2024,Eastern Asia,95,4921086.0,Medium Confidence,2024,25,1280410.0,Very Low Confidence,2024,14,711981.0,Very Low Confidence,13.32,2024,Celsius,2024,East Asia & Pacific,High Income,,2024,36238.639908315,2023,529.842407786885,2020,2519000.0,2023,100.0,2024,51751065.0,134,6913477.0,71.18,18.52,10.3,Household,0.05,4,Large (50M-100M),Cool (10°C-20°C),High GDP per Capita,9,100.0
Belarus,2024,Eastern Europe,71,674104.0,Low Confidence,2024,17,164273.0,Low Confidence,2024,14,129564.0,Low Confidence,8.82,2024,Celsius,2024,Europe & Central Asia,Upper Middle Income,IBRD,2024,8317.63399913792,2023,45.217077292187,2020,3598000.0,2023,100.0,2024,9132629.0,102,967941.0,69.64,16.97,13.39,Household,0.39,3,Small (1M-10M),Cold (<10°C),Lower-Middle GDP per Capita,9,100.0
Bulgaria,2024,Eastern Europe,26,176280.0,Eurostat,2024,2,13560.0,Eurostat,2024,2,13560.0,Eurostat,13.05,2024,Celsius,2024,Europe & Central Asia,High Income,IBRD,2024,17596.0173663521,2023,59.3827929255711,2020,4973000.0,2023,100.0,2024,6441421.0,30,203400.0,86.67,6.67,6.67,Household,0.77,4,Small (1M-10M),Cool (10°C-20°C),Upper-Middle GDP per Capita,9,100.01
Czechia,2024,Eastern Europe,69,723810.0,Eurostat,2024,4,41960.0,Eurostat,2024,6,62940.0,Eurostat,10.06,2024,Celsius,2024,Europe & Central Asia,High Income,,2024,31823.3078290564,2023,140.785547662605,2019,37202000.0,2023,100.0,2024,10905028.0,79,828710.0,87.34,5.06,7.59,Household,3.41,4,Medium (10M-50M),Cool (10°C-20°C),Upper-Middle GDP per Capita,9,99.99000000000001
Hungary,2024,Eastern Europe,66,658020.0,Eurostat,2024,2,19940.0,Eurostat,2024,4,39880.0,Eurostat,13.1,2024,Celsius,2024,Europe & Central Asia,High Income,,2024,23292.3263882478,2023,105.108327854482,2020,31641000.0,2023,100.0,2024,9562065.0,72,717840.0,91.67,2.78,5.56,Household,3.31,4,Small (1M-10M),Cool (10°C-20°C),Upper-Middle GDP per Capita,9,100.01
Poland,2024,Eastern Europe,60,2391600.0,Eurostat,2024,5,199300.0,Eurostat,2024,8,318880.0,Eurostat,10.25,2024,Celsius,2024,Europe & Central Asia,High Income,IBRD,2024,25103.565661423,2023,119.787615502661,2019,88515000.0,2023,100.0,2024,36559233.0,73,2909780.0,82.19,6.85,10.96,Household,2.42,4,Medium (10M-50M),Cool (10°C-20°C),Upper-Middle GDP per Capita,9,100.0
Republic of Moldova,2024,Eastern Europe,71,231061.0,Low Confidence,2024,17,56308.0,Low Confidence,2024,14,44410.0,Low Confidence,12.69,2024,Celsius,2024,Europe & Central Asia,Upper Middle Income,IBRD,2024,7576.19589413326,2023,85.437584732506,2020,29000.0,2023,100.0,2024,2402306.0,102,331779.0,69.64,16.97,13.39,Household,0.01,3,Small (1M-10M),Cool (10°C-20°C),Lower-Middle GDP per Capita,9,100.0
Romania,2024,Eastern Europe,67,1323991.0,Low Confidence,2024,12,239125.0,Low Confidence,2024,10,189413.0,Low Confidence,11.9,2024,Celsius,2024,Europe & Central Asia,High Income,IBRD,2024,20080.2096215595,2023,82.8453668289291,2020,5023000.0,2023,100.0,2024,19051804.0,89,1752529.0,75.55,13.64,10.81,Household,0.26,4,Medium (10M-50M),Cool (10°C-20°C),Upper-Middle GDP per Capita,9,100.0
Russian Federation,2024,Eastern Europe,33,4829772.0,Medium Confidence,2024,8,1220199.0,Medium Confidence,2024,14,1985118.0,Medium Confidence,-2.82,2024,Celsius,2024,Europe & Central Asia,High Income,IBRD,2024,14889.0185546875,2023,8.78227219242749,2020,6359000.0,2023,100.0,2024,143533851.0,55,8035089.0,60.11,15.19,24.71,Household,0.04,4,Very Large (>100M),Cold (<10°C),Lower-Middle GDP per Capita,9,100.00999999999999
Slovakia,2024,Eastern Europe,65,366600.0,Eurostat,2024,1,5640.0,Eurostat,2024,3,16920.0,Eurostat,10.54,2024,Celsius,2024,Europe & Central Asia,High Income,,2024,25992.6748502048,2023,112.868968386023,2018,15299000.0,2023,100.0,2024,5422069.0,69,389160.0,94.2,1.45,4.35,Household,2.82,4,Small (1M-10M),Cool (10°C-20°C),Upper-Middle GDP per Capita,9,100.0
Ukraine,2024,Eastern Europe,69,2758037.0,Low Confidence,2024,17,692291.0,Very Low Confidence,2024,8,313581.0,Very Low Confidence,10.85,2024,Celsius,2024,Europe & Central Asia,Upper Middle Income,IBRD,2024,5389.47314453125,2023,65.1239834311357,2020,3382000.0,2023,100.0,2024,37860221.0,94,3763909.0,73.28,18.39,8.33,Household,0.09,3,Medium (10M-50M),Cool (10°C-20°C),Lower-Middle GDP per Capita,9,100.0
Anguilla,2024,Latin America and the Caribbean,95,1892.0,Very Low Confidence,2024,23,456.0,Very Low Confidence,2024,14,288.0,Very Low Confidence,,,,,,,,,,,,,,,,,,132,2636.0,71.78,17.3,10.93,Household,,,,,,2,100.00999999999999
Antigua and Barbuda,2024,Latin America and the Caribbean,88,7922.0,Low Confidence,2024,42,3824.0,Very Low Confidence,2024,15,1355.0,Very Low Confidence,27.75,2024,Celsius,2024,Latin America & Caribbean,High Income,IBRD,2024,23542.4526945578,2023,212.081818181818,2020,384500.0,2023,100.0,2024,93772.0,145,13101.0,60.47,29.19,10.34,Household,4.1,4,Very Small (<1M),Hot (25°C-30°C),Upper-Middle GDP per Capita,9,100.0
Argentina,2024,Latin America and the Caribbean,91,4156798.0,Low Confidence,2024,48,2163862.0,Very Low Confidence,2024,3,125444.0,High Confidence,15.95,2024,Celsius,2024,Latin America & Caribbean,Upper Middle Income,IBRD,2024,13969.7836603737,2023,16.6399559321662,2019,7399000.0,2023,100.0,2024,45696159.0,142,6446104.0,64.49,33.57,1.95,Household,0.16,3,Medium (10M-50M),Cool (10°C-20°C),Lower-Middle GDP per Capita,9,100.01
Aruba,2024,Latin America and the Caribbean,88,9682.0,Low Confidence,2024,42,4674.0,Very Low Confidence,2024,15,1656.0,Very Low Confidence,29.45,2024,Celsius,2024,Latin America & Caribbean,High Income,,2024,39498.5941293797,2023,596.438888888889,2019,1951000.0,2023,100.0,2024,107995.0,145,16012.0,60.47,29.19,10.34,Household,18.07,4,Very Small (<1M),Hot (25°C-30°C),High GDP per Capita,9,100.0
Bahamas,2024,Latin America and the Caribbean,88,36089.0,Low Confidence,2024,42,17421.0,Very Low Confidence,2024,15,6174.0,Very Low Confidence,26.54,2024,Celsius,2024,Latin America & Caribbean,High Income,,2024,39455.4466548546,2023,39.9040959040959,2020,1794500.0,2023,100.0,2024,401283.0,145,59684.0,60.47,29.19,10.34,Household,4.47,4,Very Small (<1M),Hot (25°C-30°C),High GDP per Capita,9,100.0
Barbados,2024,Latin America and the Caribbean,88,24646.0,Low Confidence,2024,42,11897.0,Very Low Confidence,2024,15,4216.0,Very Low Confidence,26.88,2024,Celsius,2024,Latin America & Caribbean,High Income,IBRD,2024,26544.8707282621,2023,656.595348837209,2019,966000.0,2023,100.0,2024,282467.0,145,40759.0,60.47,29.19,10.34,Household,3.42,4,Very Small (<1M),Hot (25°C-30°C),Upper-Middle GDP per Capita,9,100.0
Belize,2024,Latin America and the Caribbean,53,21596.0,Medium Confidence,2024,48,19494.0,Very Low Confidence,2024,19,7792.0,Very Low Confidence,26.43,2024,Celsius,2024,Latin America & Caribbean,Upper Middle Income,Blend,2024,7681.24400583113,2023,18.0230600613766,2020,487000.0,2023,99.6,2024,417072.0,120,48882.0,44.18,39.88,15.94,Household,1.17,3,Very Small (<1M),Hot (25°C-30°C),Lower-Middle GDP per Capita,9,100.0
Bolivia (Plurin. State of),2024,Latin America and the Caribbean,90,1101625.0,Low Confidence,2024,48,583696.0,Very Low Confidence,2024,13,162803.0,Very Low Confidence,21.96,2024,Celsius,2024,Latin America & Caribbean,Lower Middle Income,IBRD,2024,4421.16609889999,2023,11.3026483891812,2020,323299.987792969,2023,99.8,2024,12413315.0,151,1848124.0,59.61,31.58,8.81,Household,0.03,2,Medium (10M-50M),Warm (20°C-25°C),Low GDP per Capita,9,100.0
"Bonaire, St. Eustatius & Saba",2024,Latin America and the Caribbean,95,2838.0,Very Low Confidence,2024,23,685.0,Very Low Confidence,2024,14,432.0,Very Low Confidence,,,,,,,,,,,,,,,,,,132,3955.0,71.76,17.32,10.92,Household,,,,,,2,100.00000000000001
Brazil,2024,Latin America and the Caribbean,94,20289630.0,Medium Confidence,2024,48,10237337.0,Very Low Confidence,2024,3,574161.0,Medium Confidence,25.92,2024,Celsius,2024,Latin America & Caribbean,Upper Middle Income,IBRD,2024,10310.5488778166,2023,25.2616884857157,2019,6353000.0,2023,99.8,2024,211998573.0,145,31101128.0,65.24,32.92,1.85,Household,0.03,3,Very Large (>100M),Hot (25°C-30°C),Lower-Middle GDP per Capita,9,100.00999999999999
British Virgin Islands,2024,Latin America and the Caribbean,88,2641.0,Low Confidence,2024,42,1275.0,Very Low Confidence,2024,15,452.0,Very Low Confidence,,,,2024,Latin America & Caribbean,High Income,,,,2023,259.9,2020,83000.0,2023,100.0,2024,39471.0,145,4368.0,60.46,29.19,10.35,Household,2.1,4,Very Small (<1M),,,7,100.0
Cayman Islands,2024,Latin America and the Caribbean,88,6162.0,Low Confidence,2024,42,2974.0,Very Low Confidence,2024,15,1054.0,Very Low Confidence,28.64,2024,Celsius,2024,Latin America & Caribbean,High Income,,2023,99143.5180243123,2023,304.325,2020,660000.0,2023,100.0,2024,74457.0,145,10190.0,60.47,29.19,10.34,Household,8.86,4,Very Small (<1M),Hot (25°C-30°C),High GDP per Capita,9,100.0
Chile,2024,Latin America and the Caribbean,88,1725226.0,Low Confidence,2024,42,832815.0,Very Low Confidence,2024,15,295144.0,Very Low Confidence,10.06,2024,Celsius,2024,Latin America & Caribbean,High Income,IBRD,2024,16709.8893972307,2023,26.4647249005172,2019,5431000.0,2023,100.0,2024,19764771.0,145,2853185.0,60.47,29.19,10.34,Household,0.27,4,Medium (10M-50M),Cool (10°C-20°C),Upper-Middle GDP per Capita,9,100.0
Colombia,2024,Latin America and the Caribbean,70,3653302.0,Medium Confidence,2024,48,2466261.0,Very Low Confidence,2024,19,985795.0,Very Low Confidence,25.32,2024,Celsius,2024,Latin America & Caribbean,Upper Middle Income,IBRD,2024,7919.20886825345,2023,47.1574150518251,2020,1396000.0,2023,98.7,2024,52886363.0,137,7105358.0,51.42,34.71,13.87,Household,0.03,3,Large (50M-100M),Hot (25°C-30°C),Lower-Middle GDP per Capita,9,100.0
Costa Rica,2024,Latin America and the Caribbean,91,473131.0,Low Confidence,2024,48,246293.0,Very Low Confidence,2024,19,98446.0,Very Low Confidence,25.41,2024,Celsius,2024,Latin America & Caribbean,High Income,IBRD,2024,18587.1532203482,2023,99.9906972189581,2020,1146500.0,2023,100.0,2024,5129910.0,158,817870.0,57.85,30.11,12.04,Household,0.22,4,Small (1M-10M),Hot (25°C-30°C),Upper-Middle GDP per Capita,9,100.0
Cuba,2024,Latin America and the Caribbean,91,1023900.0,Low Confidence,2024,48,533001.0,Very Low Confidence,2024,19,213047.0,Very Low Confidence,26.69,2024,Celsius,2024,Latin America & Caribbean,Upper Middle Income,,2020,9605.27914559614,2023,106.165038535645,2020,1086000.0,2023,100.0,2024,10979783.0,158,1769948.0,57.85,30.11,12.04,Household,0.1,3,Medium (10M-50M),Hot (25°C-30°C),Lower-Middle GDP per Capita,9,100.0
Curaçao,2024,Latin America and the Caribbean,88,16724.0,Low Confidence,2024,42,8073.0,Very Low Confidence,2024,15,2861.0,Very Low Confidence,,,,2024,Latin America & Caribbean,High Income,,2024,22832.8953958667,2023,348.31981981982,2019,1293000.0,2023,100.0,2024,155967.0,145,27658.0,60.47,29.19,10.34,Household,8.29,4,Very Small (<1M),,Upper-Middle GDP per Capita,8,100.0
Dominica,2024,Latin America and the Caribbean,91,6394.0,Low Confidence,2024,48,3328.0,Very Low Confidence,2024,19,1330.0,Very Low Confidence,27.2,2024,Celsius,2024,Latin America & Caribbean,Upper Middle Income,Blend,2024,10405.2787777582,2023,88.68,2020,140000.0,2023,100.0,2024,66205.0,158,11052.0,57.85,30.11,12.03,Household,2.11,3,Very Small (<1M),Hot (25°C-30°C),Lower-Middle GDP per Capita,9,99.99000000000001
Dominican Republic,2024,Latin America and the Caribbean,160,1799544.0,Medium Confidence,2024,48,533952.0,Very Low Confidence,2024,19,213427.0,Very Low Confidence,25.26,2024,Celsius,2024,Latin America & Caribbean,Upper Middle Income,IBRD,2024,10875.6618443092,2023,235.098143035751,2020,2748000.0,2023,99.6,2024,11427557.0,227,2546923.0,70.66,20.96,8.38,Household,0.24,3,Medium (10M-50M),Hot (25°C-30°C),Lower-Middle GDP per Capita,9,100.0
Ecuador,2024,Latin America and the Caribbean,96,1727535.0,Medium Confidence,2024,48,855845.0,Very Low Confidence,2024,19,342092.0,Very Low Confidence,22.29,2024,Celsius,2024,Latin America & Caribbean,Upper Middle Income,IBRD,2024,6874.705739766,2023,72.3952448059269,2019,2108000.0,2023,98.7,2024,18135478.0,163,2925472.0,59.05,29.25,11.69,Household,0.12,3,Medium (10M-50M),Warm (20°C-25°C),Lower-Middle GDP per Capita,9,99.99
El Salvador,2024,Latin America and the Caribbean,91,579084.0,Low Confidence,2024,48,301448.0,Very Low Confidence,2024,19,120492.0,Very Low Confidence,25.86,2024,Celsius,2024,Latin America & Caribbean,Upper Middle Income,IBRD,2024,5579.65969165029,2023,304.518532818533,2020,707000.0,2023,98.3,2024,6338193.0,158,1001024.0,57.85,30.11,12.04,Household,0.11,3,Small (1M-10M),Hot (25°C-30°C),Lower-Middle GDP per Capita,9,100.0
Falkland Islands (Malvinas),2024,Latin America and the Caribbean,95,,Very Low Confidence,2024,23,,Very Low Confidence,2024,14,,Very Low Confidence,,,,,,,,,,,,,,,,,,132,,,,,No Data,,,,,,2,
French Guiana,2024,Latin America and the Caribbean,95,28375.0,Very Low Confidence,2024,23,6845.0,Very Low Confidence,2024,14,4319.0,Very Low Confidence,,,,,,,,,,,,,,,,,,132,39539.0,71.76,17.31,10.92,Household,,,,,,2,99.99000000000001
Grenada,2024,Latin America and the Caribbean,91,11874.0,Low Confidence,2024,48,6181.0,Very Low Confidence,2024,19,2471.0,Very Low Confidence,26.76,2024,Celsius,2024,Latin America & Caribbean,Upper Middle Income,Blend,2024,11705.0902976658,2023,344.355882352941,2020,217000.0,2023,94.4,2024,117207.0,158,20526.0,57.85,30.11,12.04,Household,1.85,3,Very Small (<1M),Hot (25°C-30°C),Lower-Middle GDP per Capita,9,100.0
Guadeloupe,2024,Latin America and the Caribbean,95,37834.0,Very Low Confidence,2024,23,9127.0,Very Low Confidence,2024,14,5759.0,Very Low Confidence,,,,,,,,,,,,,,,,,,132,52720.0,71.76,17.31,10.92,Household,,,,,,2,99.99000000000001
Guatemala,2024,Latin America and the Caribbean,91,1629472.0,Low Confidence,2024,48,848238.0,Very Low Confidence,2024,19,339051.0,Very Low Confidence,24.38,2024,Celsius,2024,Latin America & Caribbean,Upper Middle Income,IBRD,2024,6150.02571438505,2023,169.138092571855,2020,594000.0,2023,100.0,2024,18406359.0,158,2816761.0,57.85,30.11,12.04,Household,0.03,3,Medium (10M-50M),Warm (20°C-25°C),Lower-Middle GDP per Capita,9,100.0
Guyana,2024,Latin America and the Caribbean,88,71298.0,Low Confidence,2024,42,34417.0,Very Low Confidence,2024,15,12197.0,Very Low Confidence,26.64,2024,Celsius,2024,Latin America & Caribbean,High Income,IDA,2024,29675.2443873316,2023,3.91376811594203,2020,86400.0015258789,2023,98.9,2024,831087.0,145,117912.0,60.47,29.19,10.34,Household,0.1,4,Very Small (<1M),Hot (25°C-30°C),Upper-Middle GDP per Capita,9,100.0
Haiti,2024,Latin America and the Caribbean,90,1044831.0,Low Confidence,2024,48,553603.0,Very Low Confidence,2024,13,154410.0,Very Low Confidence,25.59,2024,Celsius,2024,Latin America & Caribbean,Lower Middle Income,IDA,2024,2142.62330526788,2023,422.256821480406,2019,938000.0,2023,51.3,2024,11772557.0,151,1752844.0,59.61,31.58,8.81,Household,0.08,2,Medium (10M-50M),Hot (25°C-30°C),Low GDP per Capita,9,100.0
Honduras,2024,Latin America and the Caribbean,90,940257.0,Low Confidence,2024,48,498195.0,Very Low Confidence,2024,13,138956.0,Very Low Confidence,25.4,2024,Celsius,2024,Latin America & Caribbean,Lower Middle Income,IDA,2024,3426.43483328923,2023,95.1367503798373,2020,669000.0,2023,95.6,2024,10825703.0,151,1577408.0,59.61,31.58,8.81,Household,0.06,2,Medium (10M-50M),Hot (25°C-30°C),Low GDP per Capita,9,100.0
Jamaica,2024,Latin America and the Caribbean,86,243364.0,High Confidence,2024,48,134558.0,Very Low Confidence,2024,19,53784.0,Very Low Confidence,26.62,2024,Celsius,2024,Latin America & Caribbean,Upper Middle Income,IBRD,2024,7753.8006955432,2023,262.214773776547,2020,1329699.95117188,2023,97.7,2024,2839175.0,153,431706.0,56.37,31.17,12.46,Household,0.47,3,Small (1M-10M),Hot (25°C-30°C),Lower-Middle GDP per Capita,9,100.0
Martinique,2024,Latin America and the Caribbean,95,34996.0,Very Low Confidence,2024,23,8443.0,Very Low Confidence,2024,14,5327.0,Very Low Confidence,,,,,,,,,,,,,,,,,,132,48766.0,71.76,17.31,10.92,Household,,,,,,2,99.99000000000001
Mexico,2024,Latin America and the Caribbean,105,13368447.0,Medium Confidence,2024,64,8210204.0,Medium Confidence,2024,45,5798641.0,Medium Confidence,22.23,2024,Celsius,2024,Latin America & Caribbean,Upper Middle Income,IBRD,2024,14185.7812248529,2023,66.7402757272564,2020,51128000.0,2023,99.7,2024,130861007.0,214,27377292.0,48.83,29.99,21.18,Household,0.39,3,Very Large (>100M),Warm (20°C-25°C),Lower-Middle GDP per Capita,9,100.0
Montserrat,2024,Latin America and the Caribbean,95,,Very Low Confidence,2024,23,,Very Low Confidence,2024,14,,Very Low Confidence,,,,,,,,,,,,,,,,,,132,,,,,No Data,,,,,,2,
Nicaragua,2024,Latin America and the Caribbean,90,626538.0,Low Confidence,2024,48,331971.0,Very Low Confidence,2024,13,92593.0,Very Low Confidence,26.52,2024,Celsius,2024,Latin America & Caribbean,Lower Middle Income,IDA,2024,2847.53966339498,2023,56.702783779292,2020,474000.0,2023,88.3,2024,6916140.0,151,1051102.0,59.61,31.58,8.81,Household,0.07,2,Small (1M-10M),Hot (25°C-30°C),Low GDP per Capita,9,100.0
Panama,2024,Latin America and the Caribbean,101,445347.0,Medium Confidence,2024,42,187383.0,Very Low Confidence,2024,15,66407.0,Very Low Confidence,26.04,2024,Celsius,2024,Latin America & Caribbean,High Income,IBRD,2024,19161.2188501596,2023,60.1072930709086,2020,647000.0,2023,97.0,2024,4515577.0,158,699137.0,63.7,26.8,9.5,Household,0.14,4,Small (1M-10M),Hot (25°C-30°C),Upper-Middle GDP per Capita,9,100.0
Paraguay,2024,Latin America and the Caribbean,91,619272.0,Low Confidence,2024,48,322368.0,Very Low Confidence,2024,19,128855.0,Very Low Confidence,25.07,2024,Celsius,2024,Latin America & Caribbean,Upper Middle Income,IBRD,2024,6416.09708970845,2023,17.282671943072,2020,1077000.0,2023,99.8,2024,6929153.0,158,1070495.0,57.85,30.11,12.04,Household,0.16,3,Small (1M-10M),Hot (25°C-30°C),Lower-Middle GDP per Capita,9,100.0
Peru,2024,Latin America and the Caribbean,88,2983735.0,Medium Confidence,2024,48,1618974.0,Very Low Confidence,2024,19,647124.0,Very Low Confidence,20.93,2024,Celsius,2024,Latin America & Caribbean,Upper Middle Income,IBRD,2024,8452.37167056621,2023,26.44188828125,2020,1119000.0,2023,96.2,2024,34217848.0,155,5249833.0,56.83,30.84,12.33,Household,0.03,3,Medium (10M-50M),Warm (20°C-25°C),Lower-Middle GDP per Capita,9,100.0
Puerto Rico,2024,Latin America and the Caribbean,88,286071.0,Low Confidence,2024,42,138094.0,Very Low Confidence,2024,15,48940.0,Very Low Confidence,25.52,2024,Celsius,2024,Latin America & Caribbean,High Income,,2024,39343.7154660139,2023,361.194137542277,2020,3882000.0,2023,100.0,2024,3203295.0,145,473105.0,60.47,29.19,10.34,Household,1.21,4,Small (1M-10M),Hot (25°C-30°C),High GDP per Capita,9,100.0
Saint Barthélemy,2024,Latin America and the Caribbean,95,946.0,Very Low Confidence,2024,23,228.0,Very Low Confidence,2024,14,144.0,Very Low Confidence,,,,,,,,,,,,,,,,,,132,1318.0,71.78,17.3,10.93,Household,,,,,,2,100.00999999999999
Saint Kitts and Nevis,2024,Latin America and the Caribbean,88,4401.0,Low Confidence,2024,42,2125.0,Very Low Confidence,2024,15,753.0,Very Low Confidence,28.05,2024,Celsius,2024,Latin America & Caribbean,High Income,IBRD,2024,23960.6534357084,2023,179.838461538462,2020,301399.993896484,2023,100.0,2024,46843.0,145,7279.0,60.46,29.19,10.34,Household,6.43,4,Very Small (<1M),Hot (25°C-30°C),Upper-Middle GDP per Capita,9,99.99000000000001
Saint Lucia,2024,Latin America and the Caribbean,91,16441.0,Low Confidence,2024,48,8558.0,Very Low Confidence,2024,19,3421.0,Very Low Confidence,27.37,2024,Celsius,2024,Latin America & Caribbean,Upper Middle Income,Blend,2024,14181.6303351598,2023,293.909836065574,2020,432500.0,2023,100.0,2024,179744.0,158,28420.0,57.85,30.11,12.04,Household,2.41,3,Very Small (<1M),Hot (25°C-30°C),Lower-Middle GDP per Capita,9,100.0
Saint Martin (French part),2024,Latin America and the Caribbean,88,2641.0,Low Confidence,2024,42,1275.0,Very Low Confidence,2024,15,452.0,Very Low Confidence,,,,2024,Latin America & Caribbean,High Income,,2021,21668.3776525323,2023,550.3,,,2023,100.0,2024,26129.0,145,4368.0,60.46,29.19,10.35,Household,,4,Very Small (<1M),,Upper-Middle GDP per Capita,7,100.0
Saint Vincent & Grenadines,2024,Latin America and the Caribbean,91,9134.0,Low Confidence,2024,48,4755.0,Very Low Confidence,2024,19,1901.0,Very Low Confidence,26.56,2024,Celsius,2024,Latin America & Caribbean,Upper Middle Income,Blend,2024,11501.2265187188,2023,259.802564102564,2019,392000.0,2023,100.0,2024,100616.0,158,15790.0,57.85,30.11,12.04,Household,3.9,3,Very Small (<1M),Hot (25°C-30°C),Lower-Middle GDP per Capita,9,100.0
Sint Maarten (Dutch part),2024,Latin America and the Caribbean,88,3521.0,Low Confidence,2024,42,1700.0,Very Low Confidence,2024,15,602.0,Very Low Confidence,,,,2024,Latin America & Caribbean,High Income,,2024,41472.5874498583,2023,1257.32352941176,2019,1952000.0,2023,100.0,2024,43350.0,145,5823.0,60.47,29.19,10.34,Household,45.03,4,Very Small (<1M),,High GDP per Capita,8,100.0
Suriname,2024,Latin America and the Caribbean,91,56630.0,Low Confidence,2024,48,29479.0,Very Low Confidence,2024,19,11783.0,Very Low Confidence,27.11,2024,Celsius,2024,Latin America & Caribbean,Upper Middle Income,Blend,2024,6961.78955961526,2023,3.91810706046897,2017,279000.0,2023,99.6,2024,634431.0,158,97892.0,57.85,30.11,12.04,Household,0.44,3,Very Small (<1M),Hot (25°C-30°C),Lower-Middle GDP per Capita,9,100.0
Trinidad and Tobago,2024,Latin America and the Caribbean,88,134673.0,Low Confidence,2024,42,65011.0,Very Low Confidence,2024,15,23039.0,Very Low Confidence,27.11,2024,Celsius,2024,Latin America & Caribbean,High Income,IBRD,2024,18733.4110406494,2023,266.571150097466,2020,141000.0,2023,98.7,2024,1368333.0,145,222723.0,60.47,29.19,10.34,Household,0.1,4,Small (1M-10M),Hot (25°C-30°C),Upper-Middle GDP per Capita,9,100.0
Turks and Caicos Islands,2024,Latin America and the Caribbean,88,4401.0,Low Confidence,2024,42,2125.0,Very Low Confidence,2024,15,753.0,Very Low Confidence,,,,2024,Latin America & Caribbean,High Income,,2024,37506.7798431288,2023,48.6294736842105,2020,370399.993896484,2023,100.0,2024,46535.0,145,7279.0,60.46,29.19,10.34,Household,7.96,4,Very Small (<1M),,High GDP per Capita,8,99.99000000000001
United States Virgin Islands,2024,Latin America and the Caribbean,88,8802.0,Low Confidence,2024,42,4249.0,Very Low Confidence,2024,15,1506.0,Very Low Confidence,27.52,2024,Celsius,2024,Latin America & Caribbean,High Income,,2022,44320.909185774,2023,299.762857142857,2020,8612000.0,2023,100.0,2024,104377.0,145,14557.0,60.47,29.19,10.35,Household,82.51,4,Very Small (<1M),Hot (25°C-30°C),High GDP per Capita,9,100.00999999999999
Uruguay,2024,Latin America and the Caribbean,88,301034.0,Low Confidence,2024,42,145318.0,Very Low Confidence,2024,15,51500.0,Very Low Confidence,18.93,2024,Celsius,2024,Latin America & Caribbean,High Income,IBRD,2024,23906.5133029408,2023,19.3582504856588,2019,3480000.0,2023,100.0,2024,3386588.0,145,497852.0,60.47,29.19,10.34,Household,1.03,4,Small (1M-10M),Cool (10°C-20°C),Upper-Middle GDP per Capita,9,100.0
Venezuela (Boliv. Rep. of),2024,Latin America and the Caribbean,93,2626859.0,Medium Confidence,2024,23,645747.0,Very Low Confidence,2024,14,407469.0,Very Low Confidence,26.0,2024,Celsius,2024,Latin America & Caribbean,,IBRD,2024,4217.59102643391,2023,32.0853171588912,2017,429000.0,2023,100.0,2024,28405543.0,130,3680075.0,71.38,17.55,11.07,Household,0.02,,Medium (10M-50M),Hot (25°C-30°C),Low GDP per Capita,8,100.0
Fiji,2024,Melanesia,90,83945.0,Very Low Confidence,2024,31,28551.0,Very Low Confidence,2024,21,19570.0,Very Low Confidence,25.2,2024,Celsius,2024,East Asia & Pacific,Upper Middle Income,Blend,2024,6425.74151715712,2023,50.5826491516147,2020,168000.0,2023,99.3,2024,928784.0,142,132066.0,63.56,21.62,14.82,Household,0.18,3,Very Small (<1M),Hot (25°C-30°C),Lower-Middle GDP per Capita,9,100.0
New Caledonia,2024,Melanesia,87,25215.0,Very Low Confidence,2024,21,5970.0,Very Low Confidence,2024,13,3813.0,Very Low Confidence,22.68,2024,Celsius,2024,East Asia & Pacific,High Income,,2024,29213.1923192946,2023,15.8572210065646,2020,31000.0,2023,100.0,2024,292639.0,121,34998.0,72.05,17.06,10.89,Household,0.11,4,Very Small (<1M),Warm (20°C-25°C),Upper-Middle GDP per Capita,9,100.0
Papua New Guinea,2024,Melanesia,89,903213.0,Very Low Confidence,2024,31,315734.0,Very Low Confidence,2024,10,98134.0,Very Low Confidence,24.77,2024,Celsius,2024,East Asia & Pacific,Lower Middle Income,Blend,2024,3006.70564478923,2023,22.9422669257607,2020,39000.0,2023,20.5,2024,10576502.0,130,1317081.0,68.58,23.97,7.45,Household,0.0,2,Medium (10M-50M),Warm (20°C-25°C),Low GDP per Capita,9,100.0
Solomon Islands,2024,Melanesia,43,31242.0,Medium Confidence,2024,31,22419.0,Very Low Confidence,2024,10,6968.0,Very Low Confidence,25.89,2024,Celsius,2024,East Asia & Pacific,Lower Middle Income,IDA,2024,1933.55538435227,2023,28.581814933905,2020,4400.00009536743,2023,81.3,2024,819198.0,84,60629.0,51.53,36.98,11.49,Household,0.01,2,Very Small (<1M),Hot (25°C-30°C),Low GDP per Capita,9,99.99999999999999
Vanuatu,2024,Melanesia,141,46687.0,Medium Confidence,2024,31,10275.0,Very Low Confidence,2024,10,3194.0,Very Low Confidence,24.39,2024,Celsius,2024,East Asia & Pacific,Lower Middle Income,IDA,2024,3410.77023167097,2023,26.2845775225595,2020,82400.0015258789,2023,61.6,2024,327777.0,182,60156.0,77.61,17.08,5.31,Household,0.25,2,Very Small (<1M),Warm (20°C-25°C),Low GDP per Capita,9,100.0
Guam,2024,Micronesia,60,10173.0,Very Low Confidence,2024,21,3500.0,Very Low Confidence,2024,13,2235.0,Very Low Confidence,27.67,2024,Celsius,2024,East Asia & Pacific,High Income,,2022,41833.1517132825,2023,308.344444444444,2020,328000.0,2023,100.0,2024,167777.0,94,15908.0,63.95,22.0,14.05,Household,1.95,4,Very Small (<1M),Hot (25°C-30°C),High GDP per Capita,9,100.0
Kiribati,2024,Micronesia,62,8056.0,Very Low Confidence,2024,31,4048.0,Very Low Confidence,2024,10,1258.0,Very Low Confidence,27.79,2024,Celsius,2024,East Asia & Pacific,Lower Middle Income,IDA,2024,2288.63471423684,2023,163.617283950617,2019,12000.0,2023,95.9,2024,134518.0,103,13362.0,60.29,30.29,9.41,Household,0.09,2,Very Small (<1M),Hot (25°C-30°C),Low GDP per Capita,9,99.99
Marshall Islands,2024,Micronesia,63,2526.0,Very Low Confidence,2024,31,1228.0,Very Low Confidence,2024,21,842.0,Very Low Confidence,28.3,2024,Celsius,2024,East Asia & Pacific,Upper Middle Income,IDA,2024,7726.33668877794,2023,215.705555555556,2019,6099.99990463257,2023,100.0,2024,37548.0,115,4596.0,54.96,26.72,18.32,Household,0.16,3,Very Small (<1M),Hot (25°C-30°C),Lower-Middle GDP per Capita,9,100.0
Micronesia (Fed. States of),2024,Micronesia,38,4205.0,Medium Confidence,2024,31,3425.0,Very Low Confidence,2024,10,1065.0,Very Low Confidence,27.68,2024,Celsius,2024,East Asia & Pacific,Lower Middle Income,IDA,2024,4166.00476748564,2023,160.9,2019,18000.0,2023,86.9,2024,113160.0,79,8695.0,48.36,39.39,12.25,Household,0.16,2,Very Small (<1M),Hot (25°C-30°C),Low GDP per Capita,9,100.0
Nauru,2024,Micronesia,60,598.0,Very Low Confidence,2024,21,206.0,Very Low Confidence,2024,13,131.0,Very Low Confidence,,,,2024,East Asia & Pacific,High Income,IBRD,2024,13609.158837552,2023,593.75,,,2023,100.0,2024,11947.0,94,935.0,63.96,22.03,14.01,Household,,4,Very Small (<1M),,Lower-Middle GDP per Capita,7,100.00000000000001
Northern Mariana Islands,2024,Micronesia,60,2992.0,Very Low Confidence,2024,21,1029.0,Very Low Confidence,2024,13,657.0,Very Low Confidence,27.35,2024,Celsius,2024,East Asia & Pacific,High Income,,2022,23785.754590043,2023,98.1369565217391,2019,487000.0,2023,100.0,2024,44278.0,94,4678.0,63.96,22.0,14.04,Household,11.0,4,Very Small (<1M),Hot (25°C-30°C),Upper-Middle GDP per Capita,9,100.0
Palau,2024,Micronesia,63,1263.0,Very Low Confidence,2024,31,614.0,Very Low Confidence,2024,21,421.0,Very Low Confidence,27.26,2024,Celsius,2024,East Asia & Pacific,High Income,IBRD,2023,15610.8231931032,2023,38.5369565217391,2020,18399.9996185303,2023,100.0,2024,17695.0,115,2298.0,54.96,26.72,18.32,Household,1.04,4,Very Small (<1M),Hot (25°C-30°C),Upper-Middle GDP per Capita,9,100.0
Algeria,2024,Northern Africa,113,5057909.0,Very Low Confidence,2024,31,1398071.0,Very Low Confidence,2024,10,434537.0,Very Low Confidence,23.99,2024,Celsius,2024,"Middle East, North Africa, Afghanistan & Pakistan",Upper Middle Income,IBRD,2024,5752.99076651465,2023,19.3825602290762,2020,591000.0,2023,100.0,2024,46814308.0,154,6890517.0,73.4,20.29,6.31,Household,0.01,3,Medium (10M-50M),Warm (20°C-25°C),Lower-Middle GDP per Capita,9,100.0
Egypt,2024,Northern Africa,163,18085437.0,Medium Confidence,2024,31,3455944.0,Very Low Confidence,2024,10,1074148.0,Very Low Confidence,23.95,2024,Celsius,2024,"Middle East, North Africa, Afghanistan & Pakistan",Lower Middle Income,IBRD,2024,3338.47371395895,2023,115.059291777588,2019,13026000.0,2023,100.0,2024,116538258.0,204,22615529.0,79.97,15.28,4.75,Household,0.11,2,Very Large (>100M),Warm (20°C-25°C),Low GDP per Capita,9,100.0
Libya,2024,Northern Africa,84,572937.0,Medium Confidence,2024,31,209068.0,Very Low Confidence,2024,21,143301.0,Very Low Confidence,22.95,2024,Celsius,2024,"Middle East, North Africa, Afghanistan & Pakistan",Upper Middle Income,IBRD,2024,6569.16408678648,2023,4.15202780272117,,,2023,73.2,2024,7381023.0,136,925306.0,61.92,22.59,15.49,Household,,3,Small (1M-10M),Warm (20°C-25°C),Lower-Middle GDP per Capita,8,100.0
Morocco,2024,Northern Africa,113,4219805.0,Very Low Confidence,2024,31,1166408.0,Very Low Confidence,2024,10,362533.0,Very Low Confidence,19.16,2024,Celsius,2024,"Middle East, North Africa, Afghanistan & Pakistan",Lower Middle Income,IBRD,2024,4153.1943359375,2023,84.5003473000224,2020,2802000.0,2023,100.0,2024,38081173.0,154,5748746.0,73.4,20.29,6.31,Household,0.07,2,Medium (10M-50M),Cool (10°C-20°C),Low GDP per Capita,9,100.0
Sudan,2024,Northern Africa,116,5414527.0,Very Low Confidence,2024,31,1459412.0,Very Low Confidence,2024,10,453602.0,Very Low Confidence,27.8,2024,Celsius,2024,Sub-Saharan Africa,Low Income,IDA,2024,984.607666015625,2023,26.7895026766595,2018,836000.0,2023,66.0,2024,50448963.0,157,7327541.0,73.89,19.92,6.19,Household,0.02,1,Large (50M-100M),Hot (25°C-30°C),Low GDP per Capita,9,100.0
Tunisia,2024,Northern Africa,172,2121810.0,Medium Confidence,2024,31,384859.0,Very Low Confidence,2024,10,119619.0,Very Low Confidence,21.2,2024,Celsius,2024,"Middle East, North Africa, Afghanistan & Pakistan",Lower Middle Income,IBRD,2024,4181.13789301228,2023,78.530065653965,2020,2012000.0,2023,100.0,2024,12277109.0,213,2626288.0,80.79,14.65,4.55,Household,0.16,2,Medium (10M-50M),Warm (20°C-25°C),Low GDP per Capita,9,99.99000000000001
Western Sahara,2024,Northern Africa,140,80958.0,Very Low Confidence,2024,23,13234.0,Very Low Confidence,2024,14,8351.0,Very Low Confidence,,,,,,,,,,,,,,,,,,177,102543.0,78.95,12.91,8.14,Household,,,,,,2,100.0
Bermuda,2024,Northern America,79,4718.0,Very Low Confidence,2024,49,2919.0,Very Low Confidence,2024,17,1020.0,Very Low Confidence,,,,2024,North America,High Income,,2024,142855.374713782,2023,1198.11111111111,2020,51400.0015258789,2023,100.0,2024,64636.0,145,8657.0,54.5,33.72,11.78,Household,0.8,4,Very Small (<1M),,High GDP per Capita,8,100.0
Canada,2024,Northern America,79,3019925.0,High Confidence,2024,80,3064632.0,Medium Confidence,2024,30,1146937.0,Medium Confidence,-2.89,2024,Celsius,2024,North America,High Income,,2024,54340.3477224733,2023,4.56079784268436,2019,32430000.0,2023,100.0,2024,41288599.0,189,7231494.0,41.76,42.38,15.86,Food Service,0.79,4,Medium (10M-50M),Cold (<10°C),High GDP per Capita,9,100.0
Greenland,2024,Northern America,79,4718.0,Very Low Confidence,2024,49,2919.0,Very Low Confidence,2024,17,1020.0,Very Low Confidence,-18.47,2024,Celsius,2024,Europe & Central Asia,High Income,,2023,58498.9707973609,2023,0.138543062492386,,,2023,100.0,2024,56836.0,145,8657.0,54.5,33.72,11.78,Household,,4,Very Small (<1M),Cold (<10°C),High GDP per Capita,8,100.0
Saint Pierre and Miquelon,2024,Northern America,76,758.0,Very Low Confidence,2024,23,228.0,Very Low Confidence,2024,14,144.0,Very Low Confidence,,,,,,,,,,,,,,,,,,113,1130.0,67.08,20.18,12.74,Household,,,,,,2,99.99999999999999
United States of America,2024,Northern America,73,24716539.0,High Confidence,2024,74,24939986.0,High Confidence,2024,12,4011424.0,High Confidence,10.25,2024,Celsius,2024,North America,High Income,,2024,84534.0407841548,2023,36.8198061311277,2020,45037000.0,2023,100.0,2024,340110988.0,159,53667949.0,46.05,46.47,7.47,Food Service,0.13,4,Very Large (>100M),Cool (10°C-20°C),High GDP per Capita,9,99.99
Denmark,2024,Northern Europe,79,464520.0,Eurostat,2024,11,64680.0,Eurostat,2024,17,99960.0,Eurostat,9.56,2024,Celsius,2024,Europe & Central Asia,High Income,,2024,71026.4832271897,2023,148.6738,2020,15595000.0,2023,100.0,2024,5976992.0,107,629160.0,73.83,10.28,15.89,Household,2.61,4,Small (1M-10M),Cold (<10°C),High GDP per Capita,9,100.0
Estonia,2024,Northern Europe,61,81130.0,Eurostat,2024,8,10640.0,Eurostat,2024,15,19950.0,Eurostat,6.91,2024,Celsius,2024,Europe & Central Asia,High Income,,2024,31428.3547816104,2023,32.0684764802247,2020,1695000.0,2023,100.0,2024,1372341.0,84,111720.0,72.62,9.52,17.86,Household,1.24,4,Small (1M-10M),Cold (<10°C),Upper-Middle GDP per Capita,9,100.0
Faroe Islands,2024,Northern Europe,75,3768.0,Low Confidence,2024,18,885.0,Low Confidence,2024,12,594.0,Low Confidence,6.78,2024,Celsius,2024,Europe & Central Asia,High Income,,2024,74119.6607553879,2023,39.7182481751825,,,2023,100.0,2024,54681.0,105,5247.0,71.81,16.87,11.32,Household,,4,Very Small (<1M),Cold (<10°C),High GDP per Capita,8,100.0
Finland,2024,Northern Europe,53,293620.0,Eurostat,2024,14,77560.0,Eurostat,2024,10,55400.0,Eurostat,2.87,2024,Celsius,2024,Europe & Central Asia,High Income,,2024,53149.7671934051,2023,18.3705454665088,2020,896000.0,2023,100.0,2024,5619911.0,77,426580.0,68.83,18.18,12.99,Household,0.16,4,Small (1M-10M),Cold (<10°C),High GDP per Capita,9,99.99999999999999
Iceland,2024,Northern Europe,75,27886.0,Low Confidence,2024,18,6547.0,Low Confidence,2024,12,4396.0,Low Confidence,1.77,2024,Celsius,2024,Europe & Central Asia,High Income,,2024,86040.5309851288,2023,3.82488346722206,2020,488000.0,2023,100.0,2024,386506.0,105,38829.0,71.82,16.86,11.32,Household,1.26,4,Very Small (<1M),Cold (<10°C),High GDP per Capita,9,100.0
Ireland,2024,Northern Europe,48,240960.0,Eurostat,2024,36,180720.0,Eurostat,2024,12,60240.0,Eurostat,10.65,2024,Celsius,2024,Europe & Central Asia,High Income,,2024,112894.953240805,2023,77.1017273914937,2019,10951000.0,2023,100.0,2024,5395790.0,96,481920.0,50.0,37.5,12.5,Household,2.03,4,Small (1M-10M),Cool (10°C-20°C),High GDP per Capita,9,100.0
Isle of Man,2024,Northern Europe,75,6029.0,Low Confidence,2024,18,1415.0,Low Confidence,2024,12,950.0,Low Confidence,9.92,2021,Celsius,2024,Europe & Central Asia,High Income,,2022,88328.548125887,2023,147.657894736842,,,2023,100.0,2024,84160.0,105,8394.0,71.83,16.86,11.32,Household,,4,Very Small (<1M),Cold (<10°C),High GDP per Capita,8,100.00999999999999
Latvia,2024,Northern Europe,82,151700.0,Eurostat,2024,19,35150.0,Eurostat,2024,8,14800.0,Eurostat,7.86,2024,Celsius,2024,Europe & Central Asia,High Income,,2024,23409.0845154775,2023,30.2701269484172,2020,3204000.0,2023,100.0,2024,1866124.0,109,201650.0,75.23,17.43,7.34,Household,1.72,4,Small (1M-10M),Cold (<10°C),Upper-Middle GDP per Capita,9,100.0
Lithuania,2024,Northern Europe,86,236500.0,Eurostat,2024,2,5500.0,Eurostat,2024,10,27500.0,Eurostat,8.58,2024,Celsius,2024,Europe & Central Asia,High Income,,2024,29384.0189598663,2023,45.87196485623,2020,2284000.0,2023,100.0,2024,2888278.0,98,269500.0,87.76,2.04,10.2,Household,0.79,4,Small (1M-10M),Cold (<10°C),Upper-Middle GDP per Capita,9,100.00000000000001
Norway,2024,Northern Europe,78,423540.0,Eurostat,2024,18,97740.0,Eurostat,2024,11,59730.0,Eurostat,2.28,2024,Celsius,2024,Europe & Central Asia,High Income,,2024,86785.4334489176,2023,15.1524995195871,2020,1397000.0,2023,100.0,2024,5572279.0,107,581010.0,72.9,16.82,10.28,Household,0.25,4,Small (1M-10M),Cold (<10°C),High GDP per Capita,9,100.0
Sweden,2024,Northern Europe,61,643550.0,Eurostat,2024,9,94950.0,Eurostat,2024,9,94950.0,Eurostat,3.38,2024,Celsius,2024,Europe & Central Asia,High Income,,2024,57117.4877440616,2023,25.8713678886243,2020,1957000.0,2023,100.0,2024,10569709.0,79,833450.0,77.22,11.39,11.39,Household,0.19,4,Medium (10M-50M),Cold (<10°C),High GDP per Capita,9,100.0
United Kingdom,2024,Northern Europe,76,5097005.0,High Confidence,2024,16,1093662.0,High Confidence,2024,4,236285.0,High Confidence,10.14,2024,Celsius,2024,Europe & Central Asia,High Income,,2024,53246.3676145108,2023,283.106683751498,2020,11101000.0,2023,100.0,2024,69226000.0,96,6426952.0,79.31,17.02,3.68,Household,0.16,4,Large (50M-100M),Cool (10°C-20°C),High GDP per Capita,9,100.01
American Samoa,2024,Polynesia,81,3258.0,Very Low Confidence,2024,21,823.0,Very Low Confidence,2024,13,526.0,Very Low Confidence,27.5,2024,Celsius,2024,East Asia & Pacific,High Income,,2022,18017.4589383973,2023,237.605,2020,899.999976158142,,,2024,46765.0,115,4607.0,70.72,17.86,11.42,Household,0.02,4,Very Small (<1M),Hot (25°C-30°C),Upper-Middle GDP per Capita,8,100.0
Cook Islands,2024,Polynesia,86,1724.0,Very Low Confidence,2024,23,456.0,Very Low Confidence,2024,14,288.0,Very Low Confidence,,,,,,,,,,,,,,,,,,123,2468.0,69.85,18.48,11.67,Household,,,,,,2,100.0
French Polynesia,2024,Polynesia,81,25252.0,Very Low Confidence,2024,21,6382.0,Very Low Confidence,2024,13,4076.0,Very Low Confidence,24.71,2024,Celsius,2024,East Asia & Pacific,High Income,,2024,22439.8838746025,2023,80.990492653414,2020,89400.0015258789,2023,100.0,2024,281807.0,115,35710.0,70.71,17.87,11.41,Household,0.32,4,Very Small (<1M),Warm (20°C-25°C),Upper-Middle GDP per Capita,9,99.99
Niue,2024,Polynesia,86,,Very Low Confidence,2024,23,,Very Low Confidence,2024,14,,Very Low Confidence,,,,,,,,,,,,,,,,,,123,,,,,No Data,,,,,,2,
Samoa,2024,Polynesia,86,18857.0,Very Low Confidence,2024,31,6850.0,Very Low Confidence,2024,10,2129.0,Very Low Confidence,27.72,2024,Celsius,2024,East Asia & Pacific,Upper Middle Income,IDA,2024,5392.87761915762,2023,77.9363309352518,2020,23899.9996185303,2023,100.0,2024,218019.0,127,27836.0,67.74,24.61,7.65,Household,0.11,3,Very Small (<1M),Hot (25°C-30°C),Lower-Middle GDP per Capita,9,100.0
Tokelau,2024,Polynesia,86,,Very Low Confidence,2024,23,,Very Low Confidence,2024,14,,Very Low Confidence,,,,,,,,,,,,,,,,,,123,,,,,No Data,,,,,,2,
Tonga,2024,Polynesia,88,9690.0,Very Low Confidence,2024,31,3377.0,Very Low Confidence,2024,21,2315.0,Very Low Confidence,25.14,2024,Celsius,2024,East Asia & Pacific,Upper Middle Income,IDA,2023,5651.59373063157,2023,145.273611111111,2019,94000.0,2023,100.0,2024,104175.0,140,15382.0,63.0,21.95,15.05,Household,0.9,3,Very Small (<1M),Hot (25°C-30°C),Lower-Middle GDP per Capita,9,100.0
Tuvalu,2024,Polynesia,88,881.0,Very Low Confidence,2024,31,307.0,Very Low Confidence,2024,21,210.0,Very Low Confidence,,,,2024,East Asia & Pacific,Upper Middle Income,IDA,2023,6344.7750188689,2023,327.2,2019,3599.99990463257,2023,100.0,2024,9646.0,140,1398.0,63.02,21.96,15.02,Household,0.37,3,Very Small (<1M),,Lower-Middle GDP per Capita,8,100.0
Wallis and Futuna Islands,2024,Polynesia,86,862.0,Very Low Confidence,2024,23,228.0,Very Low Confidence,2024,14,144.0,Very Low Confidence,,,,,,,,,,,,,,,,,,123,1234.0,69.85,18.48,11.67,Household,,,,,,2,100.0
Brunei Darussalam,2024,South-eastern Asia,76,34109.0,Low Confidence,2024,35,15776.0,Very Low Confidence,2024,46,20692.0,Very Low Confidence,,,,2024,East Asia & Pacific,High Income,,2024,33153.4738913513,2023,87.0870967741936,2020,1071000.0,2023,100.0,2024,462721.0,157,70577.0,48.33,22.35,29.32,Household,2.31,4,Very Small (<1M),,Upper-Middle GDP per Capita,8,100.0
Cambodia,2024,South-eastern Asia,85,1419831.0,Medium Confidence,2024,40,676397.0,Very Low Confidence,2024,44,742033.0,Very Low Confidence,27.98,2024,Celsius,2024,East Asia & Pacific,Lower Middle Income,IDA,2024,2627.87969756224,2023,98.7076818490823,2020,1306000.0,2023,95.0,2024,17638801.0,169,2838261.0,50.02,23.83,26.14,Household,0.07,2,Medium (10M-50M),Hot (25°C-30°C),Low GDP per Capita,9,99.99
Indonesia,2024,South-eastern Asia,53,14728364.0,Medium Confidence,2024,40,11051710.0,Very Low Confidence,2024,50,13755721.0,Very Low Confidence,26.16,2024,Celsius,2024,East Asia & Pacific,Upper Middle Income,IBRD,2024,4925.43048751861,2023,148.57692229227,2020,4053000.0,2023,99.4,2024,283487931.0,143,39535795.0,37.25,27.95,34.79,Household,0.01,3,Very Large (>100M),Hot (25°C-30°C),Low GDP per Capita,9,99.99000000000001
Lao People's Dem. Rep.,2024,South-eastern Asia,89,673831.0,Medium Confidence,2024,40,303713.0,Very Low Confidence,2024,44,333185.0,Very Low Confidence,24.93,2024,Celsius,2024,East Asia & Pacific,Lower Middle Income,IDA,2024,2123.97909415109,2023,33.2105415944541,2020,886400.024414063,2023,96.5,2024,7769819.0,173,1310729.0,51.41,23.17,25.42,Household,0.11,2,Small (1M-10M),Warm (20°C-25°C),Low GDP per Capita,9,100.0
Malaysia,2024,South-eastern Asia,81,2754808.0,Medium Confidence,2024,50,1681049.0,Medium Confidence,2024,79,2675062.0,Medium Confidence,26.78,2024,Celsius,2024,East Asia & Pacific,Upper Middle Income,IBRD,2024,11874.4273684245,2023,106.913096941105,2020,4333000.0,2023,100.0,2024,35557673.0,210,7110919.0,38.74,23.64,37.62,Household,0.12,3,Medium (10M-50M),Hot (25°C-30°C),Lower-Middle GDP per Capita,9,100.0
Myanmar,2024,South-eastern Asia,78,4221946.0,Low Confidence,2024,40,2185282.0,Very Low Confidence,2024,44,2397336.0,Very Low Confidence,24.48,2024,Celsius,2024,East Asia & Pacific,Lower Middle Income,IDA,2024,1359.05001560107,2023,82.9420656687147,2020,903000.0,2023,76.8,2024,54500091.0,162,8804564.0,47.95,24.82,27.23,Household,0.02,2,Large (50M-100M),Warm (20°C-25°C),Low GDP per Capita,9,100.00000000000001
Philippines,2024,South-eastern Asia,26,2954580.0,Medium Confidence,2024,40,4660966.0,Very Low Confidence,2024,44,5113255.0,Very Low Confidence,26.92,2024,Celsius,2024,East Asia & Pacific,Lower Middle Income,IBRD,2024,3984.8315387656,2023,385.321122178623,2020,1483000.0,2023,98.0,2024,115843670.0,110,12728801.0,23.21,36.62,40.17,Retail,0.01,2,Very Large (>100M),Hot (25°C-30°C),Low GDP per Capita,9,100.0
Singapore,2024,South-eastern Asia,68,409182.0,Medium Confidence,2024,35,209651.0,Very Low Confidence,2024,46,274980.0,Very Low Confidence,28.11,2024,Celsius,2024,East Asia & Pacific,High Income,,2024,90674.066632628,2023,8241.8495821727,2020,2742000.0,2023,100.0,2024,6036860.0,149,893813.0,45.78,23.46,30.76,Household,0.45,4,Small (1M-10M),Hot (25°C-30°C),High GDP per Capita,9,100.00000000000001
Thailand,2024,South-eastern Asia,86,6180468.0,Medium Confidence,2024,40,2876253.0,Very Low Confidence,2024,50,3579983.0,Very Low Confidence,27.5,2024,Celsius,2024,East Asia & Pacific,Upper Middle Income,IBRD,2024,7346.62022142185,2023,140.348088629646,2019,39916000.0,2023,100.0,2024,71668011.0,176,12636704.0,48.91,22.76,28.33,Household,0.56,3,Large (50M-100M),Hot (25°C-30°C),Lower-Middle GDP per Capita,9,100.0
Timor-Leste,2024,South-eastern Asia,78,104419.0,Low Confidence,2024,40,54047.0,Very Low Confidence,2024,44,59292.0,Very Low Confidence,,,,2024,East Asia & Pacific,Lower Middle Income,Blend,2024,1331.9705130185,2023,93.0925353059852,2019,74800.0030517578,2023,100.0,2024,1400638.0,162,217758.0,47.95,24.82,27.23,Household,0.05,2,Small (1M-10M),,Low GDP per Capita,8,100.00000000000001
Viet Nam,2024,South-eastern Asia,72,7079811.0,Medium Confidence,2024,40,3960369.0,Very Low Confidence,2024,44,4344674.0,Very Low Confidence,25.49,2024,Celsius,2024,East Asia & Pacific,Lower Middle Income,IBRD,2024,4717.29028732449,2023,320.175197572656,2020,3837000.0,2023,99.8,2024,100987686.0,156,15384854.0,46.02,25.74,28.24,Household,0.04,2,Very Large (>100M),Hot (25°C-30°C),Low GDP per Capita,9,100.0
Afghanistan,2024,Southern Asia,127,5229654.0,Medium Confidence,2024,32,1336124.0,Very Low Confidence,2024,10,398051.0,Very Low Confidence,14.61,2024,Celsius,2024,"Middle East, North Africa, Afghanistan & Pakistan",Low Income,IDA,2023,413.757894705303,2023,63.5585008355948,,,2023,85.3,2024,42647492.0,169,6963829.0,75.1,19.19,5.72,Household,,1,Medium (10M-50M),Cool (10°C-20°C),Low GDP per Capita,8,100.00999999999999
Bangladesh,2024,Southern Asia,82,14101956.0,Medium Confidence,2024,32,5561174.0,Very Low Confidence,2024,10,1656756.0,Very Low Confidence,26.02,2024,Celsius,2024,South Asia,Lower Middle Income,IDA,2024,2593.41611680774,2023,1319.17979689183,2019,323000.0,2023,99.5,2024,173562364.0,124,21319886.0,66.14,26.08,7.77,Household,0.0,2,Very Large (>100M),Hot (25°C-30°C),Low GDP per Capita,9,99.99
Bhutan,2024,Southern Asia,19,15072.0,High Confidence,2024,32,25339.0,Very Low Confidence,2024,10,7549.0,Very Low Confidence,10.72,2024,Celsius,2024,South Asia,Lower Middle Income,IDA,2023,3831.32535494609,2023,20.6183796539067,2020,29799.9992370605,2023,100.0,2024,791524.0,61,47960.0,31.43,52.83,15.74,Food Service,0.04,2,Very Small (<1M),Cool (10°C-20°C),Low GDP per Capita,9,99.99999999999999
India,2024,Southern Asia,55,78192338.0,Medium Confidence,2024,32,46037319.0,Very Low Confidence,2024,10,13715198.0,Very Low Confidence,25.03,2024,Celsius,2024,South Asia,Lower Middle Income,IBRD,2024,2694.73780859961,2023,483.679010086809,2019,17914000.0,2023,99.5,2024,1450935791.0,97,137944855.0,56.68,33.37,9.94,Household,0.01,2,Very Large (>100M),Hot (25°C-30°C),Low GDP per Capita,9,99.99
Iran (Islamic Republic of),2024,Southern Asia,93,8208360.0,Low Confidence,2024,32,2876581.0,Very Low Confidence,2024,10,856976.0,Very Low Confidence,19.61,2024,Celsius,2024,"Middle East, North Africa, Afghanistan & Pakistan",Upper Middle Income,IBRD,2024,5190.16959024821,2023,55.8451198767334,2020,1550000.0,2023,100.0,2024,91567738.0,135,11941917.0,68.74,24.09,7.18,Household,0.02,3,Large (50M-100M),Cool (10°C-20°C),Lower-Middle GDP per Capita,9,100.00999999999999
Maldives,2024,Southern Asia,207,107877.0,Medium Confidence,2024,34,17593.0,Medium Confidence,2024,21,10942.0,Very Low Confidence,28.18,2024,Celsius,2024,South Asia,Upper Middle Income,IDA,2024,13379.3513577224,2023,1765.08053691275,2020,555000.0,2023,100.0,2024,527799.0,262,136412.0,79.08,12.9,8.02,Household,1.05,3,Very Small (<1M),Hot (25°C-30°C),Lower-Middle GDP per Capita,9,100.0
Nepal,2024,Southern Asia,93,2831907.0,Low Confidence,2024,32,992429.0,Very Low Confidence,2024,10,295659.0,Very Low Confidence,14.14,2024,Celsius,2024,South Asia,Lower Middle Income,IDA,2024,1447.31004458428,2023,207.147638646669,2020,230000.0,2023,94.0,2024,29651054.0,135,4119995.0,68.74,24.09,7.18,Household,0.01,2,Medium (10M-50M),Cool (10°C-20°C),Low GDP per Capita,9,100.00999999999999
Pakistan,2024,Southern Asia,130,30754726.0,Medium Confidence,2024,32,7660705.0,Very Low Confidence,2024,10,2282237.0,Very Low Confidence,21.9,2024,Celsius,2024,"Middle East, North Africa, Afghanistan & Pakistan",Lower Middle Income,Blend,2024,1478.77277977996,2023,321.067474833956,,,2023,95.6,2024,251269164.0,172,40697668.0,75.57,18.82,5.61,Household,,2,Very Large (>100M),Warm (20°C-25°C),Low GDP per Capita,8,99.99999999999999
Sri Lanka,2024,Southern Asia,76,1656148.0,Medium Confidence,2024,32,709156.0,Very Low Confidence,2024,10,211268.0,Very Low Confidence,27.41,2024,Celsius,2024,South Asia,Lower Middle Income,IDA,2024,4515.56787322732,2023,356.239896540576,2020,540000.0,2023,100.0,2024,21916000.0,118,2576572.0,64.28,27.52,8.2,Household,0.02,2,Medium (10M-50M),Hot (25°C-30°C),Low GDP per Capita,9,100.0
Albania,2024,Southern Europe,86,243657.0,Low Confidence,2024,25,69686.0,Low Confidence,2024,15,41792.0,Low Confidence,13.86,2024,Celsius,2024,Europe & Central Asia,Upper Middle Income,IBRD,2024,11377.7757431099,2023,88.1056569343066,2020,2658000.0,2023,100.0,2024,2377128.0,126,355135.0,68.61,19.62,11.77,Household,1.12,3,Small (1M-10M),Cool (10°C-20°C),Lower-Middle GDP per Capita,9,100.0
Andorra,2024,Southern Europe,82,6598.0,Low Confidence,2024,19,1558.0,Low Confidence,2024,11,862.0,Low Confidence,9.56,2024,Celsius,2024,Europe & Central Asia,High Income,,2024,49303.6491674336,2023,172.034042553191,2020,5207000.0,2023,100.0,2024,81938.0,112,9018.0,73.16,17.28,9.56,Household,63.55,4,Very Small (<1M),Cold (<10°C),High GDP per Capita,9,100.0
Bosnia and Herzegovina,2024,Southern Europe,86,277117.0,Low Confidence,2024,25,79256.0,Low Confidence,2024,15,47531.0,Low Confidence,11.78,2024,Celsius,2024,Europe & Central Asia,Upper Middle Income,IBRD,2024,9358.78768951134,2023,62.20845703125,2020,197000.0,2023,100.0,2024,3164253.0,126,403904.0,68.61,19.62,11.77,Household,0.06,3,Small (1M-10M),Cool (10°C-20°C),Lower-Middle GDP per Capita,9,100.0
Croatia,2024,Southern Europe,53,213590.0,Eurostat,2024,4,16120.0,Eurostat,2024,1,4030.0,Eurostat,13.42,2024,Celsius,2024,Europe & Central Asia,High Income,IBRD,2024,24050.4397933135,2023,68.9722301644031,2020,21608000.0,2023,100.0,2024,3866200.0,58,233740.0,91.38,6.9,1.72,Household,5.59,4,Small (1M-10M),Cool (10°C-20°C),Upper-Middle GDP per Capita,9,100.0
Gibraltar,2024,Southern Europe,82,2474.0,Low Confidence,2024,19,584.0,Low Confidence,2024,11,323.0,Low Confidence,,,,2024,Europe & Central Asia,High Income,,,,2023,3847.1,,,2023,100.0,2024,39329.0,112,3381.0,73.17,17.27,9.55,Household,,4,Very Small (<1M),,,6,99.99
Greece,2024,Southern Europe,87,903930.0,Eurostat,2024,21,218190.0,Eurostat,2024,14,145460.0,Eurostat,15.71,2024,Celsius,2024,Europe & Central Asia,High Income,,2024,24626.1481858973,2023,80.7397284716835,2020,7406000.0,2023,100.0,2024,10405134.0,122,1267580.0,71.31,17.21,11.48,Household,0.71,4,Medium (10M-50M),Cool (10°C-20°C),Upper-Middle GDP per Capita,9,100.00000000000001
Holy See,2024,Southern Europe,83,,Very Low Confidence,2024,23,,Very Low Confidence,2024,14,,Very Low Confidence,,,,,,,,,,,,,,,,,,120,,,,,No Data,,,,,,2,
Italy,2024,Southern Europe,107,6317280.0,Eurostat,2024,19,1150162.0,Low Confidence,2024,6,354240.0,Eurostat,14.39,2024,Celsius,2024,Europe & Central Asia,High Income,,2024,40385.3413957669,2023,199.459678073854,2020,38419000.0,2023,100.0,2024,58952704.0,132,7821682.0,80.77,14.7,4.53,Household,0.65,4,Large (50M-100M),Cool (10°C-20°C),High GDP per Capita,9,100.0
Malta,2024,Southern Europe,92,48760.0,Eurostat,2024,45,23850.0,Eurostat,2024,8,4240.0,Eurostat,20.27,2024,Celsius,2024,"Middle East, North Africa, Afghanistan & Pakistan",High Income,,2024,43898.5781808597,2023,1727.334375,2020,718000.0,2023,100.0,2024,568847.0,145,76850.0,63.45,31.03,5.52,Household,1.26,4,Very Small (<1M),Warm (20°C-25°C),High GDP per Capita,9,100.0
Montenegro,2024,Southern Europe,86,54051.0,Low Confidence,2024,25,15459.0,Low Confidence,2024,15,9271.0,Low Confidence,11.3,2024,Celsius,2024,Europe & Central Asia,Upper Middle Income,IBRD,2024,13263.3281277699,2023,46.3590334572491,2020,351000.0,2023,100.0,2024,623525.0,126,78781.0,68.61,19.62,11.77,Household,0.56,3,Very Small (<1M),Cool (10°C-20°C),Lower-Middle GDP per Capita,9,100.0
North Macedonia,2024,Southern Europe,86,179311.0,Low Confidence,2024,25,51283.0,Low Confidence,2024,15,30755.0,Low Confidence,12.26,2024,Celsius,2024,Europe & Central Asia,Upper Middle Income,IBRD,2024,9291.85661671864,2023,72.474861221253,2020,118000.0,2023,100.0,2024,1824359.0,126,261349.0,68.61,19.62,11.77,Household,0.06,3,Small (1M-10M),Cool (10°C-20°C),Lower-Middle GDP per Capita,9,100.0
Portugal,2024,Southern Europe,124,1273480.0,Eurostat,2024,23,236210.0,Eurostat,2024,21,215670.0,Eurostat,17.06,2024,Celsius,2024,Europe & Central Asia,High Income,,2024,29292.242104753,2023,115.475189289738,2020,4208000.0,2023,100.0,2024,10694681.0,168,1725360.0,73.81,13.69,12.5,Household,0.39,4,Medium (10M-50M),Cool (10°C-20°C),Upper-Middle GDP per Capita,9,100.0
San Marino,2024,Southern Europe,82,2474.0,Low Confidence,2024,19,584.0,Low Confidence,2024,11,323.0,Low Confidence,13.94,2024,Celsius,2024,Europe & Central Asia,High Income,,2023,59879.7173015651,2023,564.333333333333,2019,1904000.0,2023,100.0,2024,33977.0,112,3381.0,73.17,17.27,9.55,Household,56.04,4,Very Small (<1M),Cool (10°C-20°C),High GDP per Capita,9,99.99
Serbia,2024,Southern Europe,108,780482.0,Medium Confidence,2024,12,83920.0,Medium Confidence,2024,3,22431.0,Low Confidence,13.0,2024,Celsius,2024,Europe & Central Asia,Upper Middle Income,IBRD,2024,13679.2065983557,2023,78.7630277084077,2020,446000.0,2023,100.0,2024,6586476.0,123,886833.0,88.01,9.46,2.53,Household,0.07,3,Small (1M-10M),Cool (10°C-20°C),Lower-Middle GDP per Capita,9,100.0
Slovenia,2024,Southern Europe,36,76320.0,Eurostat,2024,20,42400.0,Eurostat,2024,7,14840.0,Eurostat,11.31,2024,Celsius,2024,Europe & Central Asia,High Income,,2024,34301.0318686594,2023,105.31480791676,2020,1216000.0,2023,100.0,2024,2127400.0,63,133560.0,57.14,31.75,11.11,Household,0.57,4,Small (1M-10M),Cool (10°C-20°C),Upper-Middle GDP per Capita,9,100.0
Spain,2024,Southern Europe,61,2895272.0,Eurostat,2024,4,190240.0,Eurostat,2024,7,332920.0,Eurostat,15.16,2024,Celsius,2024,Europe & Central Asia,High Income,,2024,35326.7683069278,2023,96.7636173412149,2020,36410000.0,2023,100.0,2024,48848840.0,72,3418432.0,84.7,5.57,9.74,Household,0.75,4,Medium (10M-50M),Cool (10°C-20°C),High GDP per Capita,9,100.01
Angola,2024,Sub-Saharan Africa,89,3171950.0,Low Confidence,2024,31,1108181.0,Very Low Confidence,2024,10,344436.0,Very Low Confidence,21.56,2024,Celsius,2024,Sub-Saharan Africa,Lower Middle Income,IBRD,2024,2665.87444776753,2023,29.4777460495709,2019,218000.0,2023,51.1,2024,37885849.0,130,4624567.0,68.59,23.96,7.45,Household,0.01,2,Medium (10M-50M),Warm (20°C-25°C),Low GDP per Capita,9,100.00000000000001
Benin,2024,Sub-Saharan Africa,89,1189816.0,Low Confidence,2024,31,415685.0,Very Low Confidence,2024,10,129200.0,Very Low Confidence,28.58,2024,Celsius,2024,Sub-Saharan Africa,Lower Middle Income,IDA,2024,1485.38018885134,2023,125.142195814118,2019,337000.0,2023,57.0,2024,14462724.0,130,1734701.0,68.59,23.96,7.45,Household,0.02,2,Medium (10M-50M),Hot (25°C-30°C),Low GDP per Capita,9,100.00000000000001
Botswana,2024,Sub-Saharan Africa,50,132594.0,Medium Confidence,2024,31,81316.0,Very Low Confidence,2024,15,40398.0,Very Low Confidence,22.18,2024,Celsius,2024,Sub-Saharan Africa,Upper Middle Income,IBRD,2024,7695.75319445165,2023,4.37641204806522,2018,1830000.0,2023,76.0,2024,2521139.0,96,254308.0,52.14,31.98,15.89,Household,0.73,3,Small (1M-10M),Warm (20°C-25°C),Lower-Middle GDP per Capita,9,100.01
Burkina Faso,2024,Sub-Saharan Africa,92,2085610.0,Low Confidence,2024,31,705886.0,Very Low Confidence,2024,10,219397.0,Very Low Confidence,29.98,2024,Celsius,2024,Sub-Saharan Africa,Low Income,IDA,2024,981.992649769081,2023,84.1585380116959,2020,67000.0,2023,21.7,2024,23548781.0,133,3010893.0,69.27,23.44,7.29,Household,0.0,1,Medium (10M-50M),Hot (25°C-30°C),Low GDP per Capita,9,100.0
Burundi,2024,Sub-Saharan Africa,92,1185863.0,Low Confidence,2024,31,401362.0,Very Low Confidence,2024,10,124748.0,Very Low Confidence,20.83,2024,Celsius,2024,Sub-Saharan Africa,Low Income,IDA,2024,219.424830882698,2023,533.078271028037,2017,299000.0,2023,11.6,2024,14047786.0,133,1711973.0,69.27,23.44,7.29,Household,0.02,1,Medium (10M-50M),Warm (20°C-25°C),Low GDP per Capita,9,100.0
Cabo Verde,2024,Sub-Saharan Africa,89,52584.0,Low Confidence,2024,31,18371.0,Very Low Confidence,2024,10,5710.0,Very Low Confidence,23.08,2024,Celsius,2024,Sub-Saharan Africa,Upper Middle Income,Blend,2024,5192.48157325878,2023,129.610669975186,2020,180000.0,2023,98.6,2024,524877.0,130,76665.0,68.59,23.96,7.45,Household,0.34,3,Very Small (<1M),Warm (20°C-25°C),Lower-Middle GDP per Capita,9,100.00000000000001
Cameroon,2024,Sub-Saharan Africa,89,2487472.0,Low Confidence,2024,31,869046.0,Very Low Confidence,2024,10,270110.0,Very Low Confidence,25.03,2024,Celsius,2024,Sub-Saharan Africa,Lower Middle Income,Blend,2024,1830.00833684727,2023,60.0213386642973,2019,1021000.0,2023,72.0,2024,29123744.0,130,3626628.0,68.59,23.96,7.45,Household,0.04,2,Medium (10M-50M),Hot (25°C-30°C),Low GDP per Capita,9,100.00000000000001
Central African Republic,2024,Sub-Saharan Africa,92,513353.0,Low Confidence,2024,31,173747.0,Very Low Confidence,2024,10,54003.0,Very Low Confidence,25.42,2024,Celsius,2024,Sub-Saharan Africa,Low Income,IDA,2024,516.160999996036,2023,8.27060419275097,2019,87000.0,2023,17.6,2024,5330690.0,133,741103.0,69.27,23.44,7.29,Household,0.02,1,Small (1M-10M),Hot (25°C-30°C),Low GDP per Capita,9,100.0
Chad,2024,Sub-Saharan Africa,92,1630217.0,Low Confidence,2024,31,551755.0,Very Low Confidence,2024,10,171492.0,Very Low Confidence,27.49,2024,Celsius,2024,Sub-Saharan Africa,Low Income,IDA,2024,961.55975562506,2023,15.342331639136,2020,10399.9996185303,2023,12.0,2024,20299123.0,133,2353464.0,69.27,23.44,7.29,Household,0.0,1,Medium (10M-50M),Hot (25°C-30°C),Low GDP per Capita,9,100.0
Comoros,2024,Sub-Saharan Africa,89,74865.0,Low Confidence,2024,31,26155.0,Very Low Confidence,2024,10,8129.0,Very Low Confidence,24.37,2024,Celsius,2024,Sub-Saharan Africa,Lower Middle Income,IDA,2024,1662.75663312504,2023,456.951638903815,2020,7000.0,2023,89.8,2024,866628.0,130,109149.0,68.59,23.96,7.45,Household,0.01,2,Very Small (<1M),Warm (20°C-25°C),Low GDP per Capita,9,100.00000000000001
Congo,2024,Sub-Saharan Africa,89,532075.0,Low Confidence,2024,31,185891.0,Very Low Confidence,2024,10,57777.0,Very Low Confidence,24.37,2024,Celsius,2024,Sub-Saharan Africa,Lower Middle Income,Blend,2024,2482.2489948456,2023,18.1050805270864,2018,158000.0,2023,51.3,2024,6332961.0,130,775743.0,68.59,23.96,7.45,Household,0.02,2,Small (1M-10M),Warm (20°C-25°C),Low GDP per Capita,9,100.00000000000001
Côte d’Ivoire,2024,Sub-Saharan Africa,89,2509753.0,Low Confidence,2024,31,876830.0,Very Low Confidence,2024,10,272529.0,Very Low Confidence,,,,2024,Sub-Saharan Africa,Lower Middle Income,Blend,2024,2727.8935220697,2023,98.0052012578616,2020,668000.0,2023,72.4,2024,31934230.0,130,3659112.0,68.59,23.96,7.45,Household,0.02,2,Medium (10M-50M),,Low GDP per Capita,8,100.00000000000001
Dem. Rep. of the Congo,2024,Sub-Saharan Africa,62,6147778.0,Medium Confidence,2024,31,3082918.0,Very Low Confidence,2024,10,958207.0,Very Low Confidence,,,,2024,Sub-Saharan Africa,Low Income,IDA,2024,649.383338556725,2023,46.6640484329856,2016,351000.0,2023,22.1,2024,109276265.0,103,10188903.0,60.34,30.26,9.4,Household,0.0,1,Very Large (>100M),,Low GDP per Capita,8,100.00000000000001
Djibouti,2024,Sub-Saharan Africa,89,99820.0,Low Confidence,2024,31,34874.0,Very Low Confidence,2024,10,10839.0,Very Low Confidence,28.6,2024,Celsius,2024,"Middle East, North Africa, Afghanistan & Pakistan",Lower Middle Income,IDA,2024,3552.72335079222,2023,49.7387402933563,,,2023,65.2,2024,1168722.0,130,145533.0,68.59,23.96,7.45,Household,,2,Small (1M-10M),Hot (25°C-30°C),Low GDP per Capita,8,100.00000000000001
Equatorial Guinea,2024,Sub-Saharan Africa,90,150824.0,Low Confidence,2024,31,51634.0,Very Low Confidence,2024,15,25652.0,Very Low Confidence,24.76,2024,Celsius,2024,Sub-Saharan Africa,Upper Middle Income,IBRD,2024,6745.40013244916,2023,65.8662745098039,,,2023,66.9,2024,1892516.0,136,228110.0,66.12,22.64,11.25,Household,,3,Small (1M-10M),Warm (20°C-25°C),Lower-Middle GDP per Capita,8,100.01
Eritrea,2024,Sub-Saharan Africa,92,338555.0,Low Confidence,2024,31,114586.0,Very Low Confidence,2024,10,35615.0,Very Low Confidence,26.87,2024,Celsius,2024,Sub-Saharan Africa,Low Income,IDA,,,2023,28.638732049164,2016,142000.0,2023,54.4,2024,3535603.0,133,488756.0,69.27,23.44,7.29,Household,0.04,1,Small (1M-10M),Hot (25°C-30°C),,8,100.0
Eswatini,2024,Sub-Saharan Africa,89,106950.0,Low Confidence,2024,31,37365.0,Very Low Confidence,2024,10,11613.0,Very Low Confidence,,,,2024,Sub-Saharan Africa,Lower Middle Income,Blend,2024,3909.55892378182,2023,71.5410465116279,2020,345299.987792969,2023,86.4,2024,1242822.0,130,155928.0,68.59,23.96,7.45,Household,0.28,2,Small (1M-10M),,Low GDP per Capita,8,100.00000000000001
Ethiopia,2024,Sub-Saharan Africa,69,8543382.0,Medium Confidence,2024,31,3841737.0,Very Low Confidence,2024,10,1194057.0,Very Low Confidence,23.75,2024,Celsius,2024,Sub-Saharan Africa,,IDA,2024,1133.88279681719,2023,114.037952012,2020,518000.0,2023,55.4,2024,132059767.0,110,13579176.0,62.92,28.29,8.79,Household,0.0,,Very Large (>100M),Warm (20°C-25°C),Low GDP per Capita,8,100.0
Gabon,2024,Sub-Saharan Africa,90,215849.0,Low Confidence,2024,31,73896.0,Very Low Confidence,2024,15,36711.0,Very Low Confidence,25.25,2024,Celsius,2024,Sub-Saharan Africa,Upper Middle Income,IBRD,2024,8230.04311451151,2023,9.64329956921644,,,2023,94.1,2024,2538952.0,136,326456.0,66.12,22.64,11.25,Household,,3,Small (1M-10M),Hot (25°C-30°C),Lower-Middle GDP per Capita,8,100.01
Gambia,2024,Sub-Saharan Africa,92,249316.0,Low Confidence,2024,31,84382.0,Very Low Confidence,2024,10,26227.0,Very Low Confidence,29.15,2024,Celsius,2024,Sub-Saharan Africa,Low Income,IDA,2024,871.340291776294,2023,266.5854743083,2020,246000.0,2023,66.9,2024,2759988.0,133,359925.0,69.27,23.44,7.29,Household,0.09,1,Small (1M-10M),Hot (25°C-30°C),Low GDP per Capita,9,100.0
Ghana,2024,Sub-Saharan Africa,84,2812571.0,High Confidence,2024,31,1042481.0,Very Low Confidence,2024,10,324015.0,Very Low Confidence,28.27,2024,Celsius,2024,Sub-Saharan Africa,Lower Middle Income,IDA,2024,2390.77237652715,2023,148.49676310689,2015,897000.0,2023,89.5,2024,34427414.0,125,4179067.0,67.3,24.95,7.75,Household,0.03,2,Medium (10M-50M),Hot (25°C-30°C),Low GDP per Capita,9,100.0
Guinea,2024,Sub-Saharan Africa,89,1235269.0,Low Confidence,2024,31,431565.0,Very Low Confidence,2024,10,134135.0,Very Low Confidence,26.59,2024,Celsius,2024,Sub-Saharan Africa,Lower Middle Income,IDA,2024,1694.95375862193,2023,58.6255412664822,2017,99000.0,2023,51.1,2024,14754785.0,130,1800969.0,68.59,23.96,7.45,Household,0.01,2,Medium (10M-50M),Hot (25°C-30°C),Low GDP per Capita,9,100.00000000000001
Guinea-Bissau,2024,Sub-Saharan Africa,92,194117.0,Low Confidence,2024,31,65700.0,Very Low Confidence,2024,10,20420.0,Very Low Confidence,28.68,2024,Celsius,2024,Sub-Saharan Africa,Low Income,IDA,2024,1007.74151728028,2023,76.5767780938834,2019,52400.0015258789,2023,40.5,2024,2201352.0,133,280237.0,69.27,23.44,7.29,Household,0.02,1,Small (1M-10M),Hot (25°C-30°C),Low GDP per Capita,9,100.0
Kenya,2024,Sub-Saharan Africa,81,4351168.0,Medium Confidence,2024,31,1682356.0,Medium Confidence,2024,11,592374.0,Medium Confidence,25.55,2024,Celsius,2024,Sub-Saharan Africa,Lower Middle Income,Blend,2024,2132.43452097647,2023,95.2681371231706,2019,2049000.0,2023,76.2,2024,56432944.0,123,6625898.0,65.67,25.39,8.94,Household,0.04,2,Large (50M-100M),Hot (25°C-30°C),Low GDP per Capita,9,100.0
Lesotho,2024,Sub-Saharan Africa,89,205878.0,Low Confidence,2024,31,71927.0,Very Low Confidence,2024,10,22356.0,Very Low Confidence,12.83,2024,Celsius,2024,Sub-Saharan Africa,Lower Middle Income,IDA,2024,971.90771824829,2023,76.135441370224,2019,1142000.0,2023,57.3,2024,2337423.0,130,300161.0,68.59,23.96,7.45,Household,0.49,2,Small (1M-10M),Cool (10°C-20°C),Low GDP per Capita,9,100.00000000000001
Liberia,2024,Sub-Saharan Africa,92,487593.0,Low Confidence,2024,31,165028.0,Very Low Confidence,2024,10,51293.0,Very Low Confidence,25.89,2024,Celsius,2024,Sub-Saharan Africa,Low Income,IDA,2024,851.497723870206,2023,57.0289763289037,,,2023,32.5,2024,5612817.0,133,703914.0,69.27,23.44,7.29,Household,,1,Small (1M-10M),Hot (25°C-30°C),Low GDP per Capita,8,100.0
Madagascar,2024,Sub-Saharan Africa,92,2724081.0,Low Confidence,2024,31,921980.0,Very Low Confidence,2024,10,286562.0,Very Low Confidence,23.09,2024,Celsius,2024,Sub-Saharan Africa,Low Income,IDA,2024,544.987501003384,2023,53.6196837401169,2020,87099.9984741211,2023,39.4,2024,31964956.0,133,3932623.0,69.27,23.44,7.29,Household,0.0,1,Medium (10M-50M),Warm (20°C-25°C),Low GDP per Capita,9,100.0
Malawi,2024,Sub-Saharan Africa,92,1877693.0,Low Confidence,2024,31,635515.0,Very Low Confidence,2024,10,197525.0,Very Low Confidence,22.94,2024,Celsius,2024,Sub-Saharan Africa,Low Income,IDA,2024,522.570393642547,2023,223.84898175647,2018,871000.0,2023,15.6,2024,21655286.0,133,2710733.0,69.27,23.44,7.29,Household,0.04,1,Medium (10M-50M),Warm (20°C-25°C),Low GDP per Capita,9,100.0
Mali,2024,Sub-Saharan Africa,92,2078251.0,Low Confidence,2024,31,703395.0,Very Low Confidence,2024,10,218623.0,Very Low Confidence,29.71,2024,Celsius,2024,Sub-Saharan Africa,Low Income,IDA,2024,1094.61949265799,2023,19.4798572353486,2019,217000.0,2023,54.5,2024,24478595.0,133,3000269.0,69.27,23.44,7.29,Household,0.01,1,Medium (10M-50M),Hot (25°C-30°C),Low GDP per Capita,9,100.0
Mauritania,2024,Sub-Saharan Africa,89,422451.0,Low Confidence,2024,31,147591.0,Very Low Confidence,2024,10,45873.0,Very Low Confidence,29.39,2024,Celsius,2024,Sub-Saharan Africa,Lower Middle Income,IDA,2024,2110.12036938187,2023,4.87284466867178,,,2023,50.3,2024,5169395.0,130,615915.0,68.59,23.96,7.45,Household,,2,Small (1M-10M),Hot (25°C-30°C),Low GDP per Capita,8,100.00000000000001
Mauritius,2024,Sub-Saharan Africa,90,117408.0,Low Confidence,2024,31,40194.0,Very Low Confidence,2024,15,19968.0,Very Low Confidence,24.11,2024,Celsius,2024,Sub-Saharan Africa,Upper Middle Income,IBRD,2024,11990.7798944837,2023,625.261392088132,2020,316000.0,2023,100.0,2024,1245779.0,136,177570.0,66.12,22.64,11.25,Household,0.25,3,Small (1M-10M),Warm (20°C-25°C),Lower-Middle GDP per Capita,9,100.01
Mayotte,2024,Sub-Saharan Africa,93,30536.0,Very Low Confidence,2024,23,7530.0,Very Low Confidence,2024,14,4751.0,Very Low Confidence,25.52,2024,Celsius,,,,,,,,,,,,,,,130,42817.0,71.32,17.59,11.1,Household,,,,Hot (25°C-30°C),,3,100.00999999999999
Mozambique,2024,Sub-Saharan Africa,92,3033197.0,Low Confidence,2024,31,1026601.0,Very Low Confidence,2024,10,319080.0,Very Low Confidence,24.79,2024,Celsius,2024,Sub-Saharan Africa,Low Income,IDA,2024,656.776824637306,2023,42.7721457819375,2019,2033000.0,2023,36.0,2024,34631766.0,133,4378878.0,69.27,23.44,7.29,Household,0.06,1,Medium (10M-50M),Warm (20°C-25°C),Low GDP per Capita,9,100.0
Namibia,2024,Sub-Saharan Africa,90,232106.0,Low Confidence,2024,31,79461.0,Very Low Confidence,2024,15,39476.0,Very Low Confidence,20.53,2024,Celsius,2024,Sub-Saharan Africa,Lower Middle Income,IBRD,2024,4413.12752211572,2023,3.59909023551847,2020,187100.006103516,2023,56.7,2024,3030131.0,136,351043.0,66.12,22.64,11.25,Household,0.06,2,Small (1M-10M),Warm (20°C-25°C),Low GDP per Capita,9,100.01
Niger,2024,Sub-Saharan Africa,92,2411286.0,Low Confidence,2024,31,816112.0,Very Low Confidence,2024,10,253657.0,Very Low Confidence,28.34,2024,Celsius,2024,Sub-Saharan Africa,Low Income,IDA,2024,735.270255787226,2023,20.6519831057077,2020,85000.0,2023,20.1,2024,27032412.0,133,3481055.0,69.27,23.44,7.29,Household,0.0,1,Medium (10M-50M),Hot (25°C-30°C),Low GDP per Capita,9,100.0
Nigeria,2024,Sub-Saharan Africa,113,24791826.0,Medium Confidence,2024,31,6804776.0,Very Low Confidence,2024,10,2115003.0,Very Low Confidence,27.72,2024,Celsius,2024,Sub-Saharan Africa,Lower Middle Income,Blend,2024,1084.16041805436,2023,250.20910328623,2016,5265000.0,2023,61.2,2024,232679478.0,154,33711605.0,73.54,20.19,6.27,Household,0.02,2,Very Large (>100M),Hot (25°C-30°C),Low GDP per Capita,9,100.0
Réunion,2024,Sub-Saharan Africa,93,89759.0,Very Low Confidence,2024,23,22133.0,Very Low Confidence,2024,14,13966.0,Very Low Confidence,,,,,,,,,,,,,,,,,,130,125858.0,71.32,17.59,11.1,Household,,,,,,2,100.00999999999999
Rwanda,2024,Sub-Saharan Africa,141,1937761.0,Medium Confidence,2024,31,429074.0,Very Low Confidence,2024,10,133361.0,Very Low Confidence,19.51,2024,Celsius,2024,Sub-Saharan Africa,Low Income,IDA,2024,999.65456165547,2023,565.645358735306,2019,1634000.0,2023,63.9,2024,14256567.0,182,2500196.0,77.5,17.16,5.33,Household,0.11,1,Medium (10M-50M),Cool (10°C-20°C),Low GDP per Capita,9,99.99
Saint Helena,2024,Sub-Saharan Africa,93,925.0,Very Low Confidence,2024,23,228.0,Very Low Confidence,2024,14,144.0,Very Low Confidence,,,,,,,,,,,,,,,,,,130,1297.0,71.32,17.58,11.1,Household,,,,,,2,99.99999999999999
Sao Tome and Principe,2024,Sub-Saharan Africa,89,20499.0,Low Confidence,2024,31,7162.0,Very Low Confidence,2024,10,2226.0,Very Low Confidence,24.66,2024,Celsius,2024,Sub-Saharan Africa,Lower Middle Income,IDA,2024,3490.56883486557,2023,240.490625,2018,33400.0015258789,2023,81.3,2024,235536.0,130,29887.0,68.59,23.96,7.45,Household,0.14,2,Very Small (<1M),Warm (20°C-25°C),Low GDP per Capita,9,100.00000000000001
Senegal,2024,Sub-Saharan Africa,77,1328487.0,Medium Confidence,2024,31,539300.0,Very Low Confidence,2024,10,167621.0,Very Low Confidence,29.67,2024,Celsius,2024,Sub-Saharan Africa,Lower Middle Income,IDA,2024,1773.21829923448,2023,93.8948371682335,2017,1376000.0,2023,74.2,2024,18501984.0,118,2035408.0,65.27,26.5,8.24,Household,0.07,2,Medium (10M-50M),Hot (25°C-30°C),Low GDP per Capita,9,100.00999999999999
Seychelles,2024,Sub-Saharan Africa,183,20089.0,Medium Confidence,2024,26,2845.0,Very Low Confidence,2024,11,1255.0,Very Low Confidence,27.57,2024,Celsius,2024,Sub-Saharan Africa,High Income,IBRD,2024,17858.8226383978,2023,260.376086956522,2020,124500.0,2023,100.0,2024,121354.0,220,24189.0,83.05,11.76,5.19,Household,1.03,4,Very Small (<1M),Hot (25°C-30°C),Upper-Middle GDP per Capita,9,100.0
Sierra Leone,2024,Sub-Saharan Africa,92,792109.0,Low Confidence,2024,31,268093.0,Very Low Confidence,2024,10,83327.0,Very Low Confidence,27.22,2024,Celsius,2024,Sub-Saharan Africa,Low Income,IDA,2024,806.654650417726,2023,117.214075921308,2019,71000.0,2023,35.5,2024,8642022.0,133,1143529.0,69.27,23.44,7.29,Household,0.01,1,Small (1M-10M),Hot (25°C-30°C),Low GDP per Capita,9,100.0
Somalia,2024,Sub-Saharan Africa,92,1619177.0,Low Confidence,2024,31,548019.0,Very Low Confidence,2024,10,170331.0,Very Low Confidence,27.1,2024,Celsius,2024,Sub-Saharan Africa,Low Income,IDA,2024,629.538899449007,2023,29.2642187649441,,,2023,50.3,2024,19009151.0,133,2337527.0,69.27,23.44,7.29,Household,,1,Medium (10M-50M),Hot (25°C-30°C),Low GDP per Capita,8,100.0
South Africa,2024,Sub-Saharan Africa,47,2819981.0,Medium Confidence,2024,31,1851727.0,Very Low Confidence,2024,15,919927.0,Very Low Confidence,18.58,2024,Celsius,2024,Sub-Saharan Africa,Upper Middle Income,IBRD,2024,6267.186814093,2023,52.1085690262058,2020,3886600.09765625,2023,87.7,2024,64007187.0,93,5591635.0,50.43,33.12,16.45,Household,0.06,3,Large (50M-100M),Cool (10°C-20°C),Lower-Middle GDP per Capita,9,100.0
South Sudan,2024,Sub-Saharan Africa,92,1003706.0,Low Confidence,2024,31,339709.0,Very Low Confidence,2024,10,105586.0,Very Low Confidence,,,,2024,Sub-Saharan Africa,Low Income,IDA,2015,1080.14718624765,2023,18.1719082809805,,,2023,5.4,2024,11943408.0,133,1449001.0,69.27,23.44,7.29,Household,,1,Medium (10M-50M),,Low GDP per Capita,7,100.0
Togo,2024,Sub-Saharan Africa,92,814188.0,Low Confidence,2024,31,275566.0,Very Low Confidence,2024,10,85649.0,Very Low Confidence,27.94,2024,Celsius,2024,Sub-Saharan Africa,Low Income,IDA,2024,1119.38160509429,2023,171.067052767053,2020,482000.0,2023,59.2,2024,9515236.0,133,1175403.0,69.27,23.44,7.29,Household,0.05,1,Small (1M-10M),Hot (25°C-30°C),Low GDP per Capita,9,100.0
Uganda,2024,Sub-Saharan Africa,110,5209076.0,Medium Confidence,2024,31,1471244.0,Very Low Confidence,2024,10,457280.0,Very Low Confidence,23.54,2024,Celsius,2024,Sub-Saharan Africa,Low Income,IDA,2024,1077.91278452817,2023,242.65210951526,2020,473000.0,2023,51.5,2024,50015092.0,151,7137600.0,72.98,20.61,6.41,Household,0.01,1,Large (50M-100M),Warm (20°C-25°C),Low GDP per Capita,9,100.0
United Rep. of Tanzania,2024,Sub-Saharan Africa,152,9960496.0,Medium Confidence,2024,31,2039502.0,Very Low Confidence,2024,10,633901.0,Very Low Confidence,23.21,2024,Celsius,2024,Sub-Saharan Africa,Lower Middle Income,IDA,2024,1186.71691894531,2023,75.2061481146986,2019,1527000.0,2023,48.3,2024,68560157.0,193,12633899.0,78.84,16.14,5.02,Household,0.02,2,Large (50M-100M),Warm (20°C-25°C),Low GDP per Capita,9,100.0
Zambia,2024,Sub-Saharan Africa,78,1559958.0,Medium Confidence,2024,31,623371.0,Very Low Confidence,2024,10,193751.0,Very Low Confidence,22.07,2024,Celsius,2024,Sub-Saharan Africa,Lower Middle Income,IDA,2024,1187.10943350064,2023,27.8776483407095,2020,502000.0,2023,51.1,2024,21314956.0,119,2377080.0,65.62,26.22,8.15,Household,0.02,2,Medium (10M-50M),Warm (20°C-25°C),Low GDP per Capita,9,99.99000000000001
Zimbabwe,2024,Sub-Saharan Africa,48,791249.0,Medium Confidence,2024,31,508163.0,Very Low Confidence,2024,8,136957.0,Medium Confidence,22.09,2024,Celsius,2024,Sub-Saharan Africa,Lower Middle Income,Blend,2024,2497.20332208763,2023,42.24071862479,2020,639000.0,2023,62.0,2024,16634373.0,87,1436369.0,55.09,35.38,9.53,Household,0.04,2,Medium (10M-50M),Warm (20°C-25°C),Low GDP per Capita,9,100.0
Armenia,2024,Western Asia,102,283222.0,Low Confidence,2024,29,81737.0,Very Low Confidence,2024,31,87469.0,Very Low Confidence,9.02,2024,Celsius,2024,Europe & Central Asia,Upper Middle Income,IBRD,2024,8556.21406956719,2023,105.119108748259,2020,375000.0,2023,100.0,2024,3033500.0,162,452428.0,62.6,18.07,19.33,Household,0.12,3,Small (1M-10M),Cold (<10°C),Lower-Middle GDP per Capita,9,100.0
Azerbaijan,2024,Western Asia,102,1055462.0,Low Confidence,2024,29,304604.0,Very Low Confidence,2024,31,325963.0,Very Low Confidence,14.21,2024,Celsius,2024,Europe & Central Asia,Upper Middle Income,IBRD,2024,7283.8499076179,2023,122.854906231095,2020,796000.0,2023,100.0,2024,10202830.0,162,1686029.0,62.6,18.07,19.33,Household,0.08,3,Medium (10M-50M),Cool (10°C-20°C),Lower-Middle GDP per Capita,9,100.0
Bahrain,2024,Western Asia,132,193612.0,Medium Confidence,2024,24,35788.0,Very Low Confidence,2024,28,40450.0,Very Low Confidence,28.88,2024,Celsius,2024,"Middle East, North Africa, Afghanistan & Pakistan",High Income,,2024,29653.5682731534,2023,1971.32375,2020,1909000.0,2023,100.0,2024,1588670.0,184,269850.0,71.75,13.26,14.99,Household,1.2,4,Small (1M-10M),Hot (25°C-30°C),Upper-Middle GDP per Capita,9,100.0
Cyprus,2024,Western Asia,71,88750.0,Eurostat,2024,30,37500.0,Eurostat,2024,56,70000.0,Eurostat,19.87,2024,Celsius,2024,Europe & Central Asia,High Income,,2024,38674.29296875,2023,145.560173160173,2019,4117000.0,2023,100.0,2024,1358282.0,157,196250.0,45.22,19.11,35.67,Household,3.03,4,Small (1M-10M),Cool (10°C-20°C),High GDP per Capita,9,100.0
Georgia,2024,Western Asia,101,377643.0,Medium Confidence,2024,29,109963.0,Very Low Confidence,2024,31,117674.0,Very Low Confidence,10.39,2024,Celsius,2024,Europe & Central Asia,Upper Middle Income,IBRD,2024,9241.49122313713,2023,65.0037265124742,2020,1513000.0,2023,100.0,2024,3699557.0,161,605280.0,62.39,18.17,19.44,Household,0.41,3,Small (1M-10M),Cool (10°C-20°C),Lower-Middle GDP per Capita,9,100.0
Iraq,2024,Western Asia,143,6378198.0,Medium Confidence,2024,30,1341832.0,Medium Confidence,2024,31,1400131.0,Very Low Confidence,24.06,2024,Celsius,2024,"Middle East, North Africa, Afghanistan & Pakistan",Upper Middle Income,IBRD,2024,6073.61032342708,2023,103.826155759795,,,2023,100.0,2024,46042015.0,204,9120161.0,69.94,14.71,15.35,Household,,3,Medium (10M-50M),Warm (20°C-25°C),Lower-Middle GDP per Capita,8,100.0
Israel,2024,Western Asia,97,874433.0,Medium Confidence,2024,24,218382.0,Medium Confidence,2024,50,452000.0,Medium Confidence,21.02,2024,Celsius,2024,"Middle East, North Africa, Afghanistan & Pakistan",High Income,,2024,54176.6844383302,2023,455.129390018484,2019,4905000.0,2023,100.0,2024,9974400.0,171,1544815.0,56.6,14.14,29.26,Household,0.49,4,Small (1M-10M),Warm (20°C-25°C),High GDP per Capita,9,100.00000000000001
Jordan,2024,Western Asia,101,1136788.0,Low Confidence,2024,30,334416.0,Very Low Confidence,2024,26,291070.0,Very Low Confidence,20.44,2024,Celsius,2024,"Middle East, North Africa, Afghanistan & Pakistan",Lower Middle Income,IBRD,2024,4618.09592498567,2023,128.828670856139,2020,1240000.0,2023,100.0,2024,11552876.0,157,1762274.0,64.51,18.98,16.52,Household,0.11,2,Medium (10M-50M),Warm (20°C-25°C),Low GDP per Capita,9,100.01
Kuwait,2024,Western Asia,99,420861.0,Low Confidence,2024,24,103955.0,Very Low Confidence,2024,28,117497.0,Very Low Confidence,27.53,2024,Celsius,2024,"Middle East, North Africa, Afghanistan & Pakistan",High Income,,2024,32717.7186631255,2023,272.358024691358,2020,2161000.0,2023,100.0,2024,4897263.0,151,642313.0,65.52,16.18,18.29,Household,0.44,4,Small (1M-10M),Hot (25°C-30°C),Upper-Middle GDP per Capita,9,99.98999999999998
Lebanon,2024,Western Asia,128,701828.0,Medium Confidence,2024,30,162617.0,Very Low Confidence,2024,26,141539.0,Very Low Confidence,16.32,2024,Celsius,2024,"Middle East, North Africa, Afghanistan & Pakistan",Lower Middle Income,IBRD,2023,3477.72489842684,2023,564.368817204301,2019,1936000.0,2023,100.0,2024,5805962.0,184,1005984.0,69.77,16.16,14.07,Household,0.33,2,Small (1M-10M),Cool (10°C-20°C),Low GDP per Capita,9,100.0
Oman,2024,Western Asia,99,451415.0,Low Confidence,2024,24,111502.0,Very Low Confidence,2024,28,126027.0,Very Low Confidence,28.35,2024,Celsius,2024,"Middle East, North Africa, Afghanistan & Pakistan",High Income,,2024,20285.2272897377,2023,16.3142778675283,2020,869000.0,2023,100.0,2024,5281538.0,151,688944.0,65.52,16.18,18.29,Household,0.16,4,Small (1M-10M),Hot (25°C-30°C),Upper-Middle GDP per Capita,9,99.98999999999998
Qatar,2024,Western Asia,93,250830.0,High Confidence,2024,24,65733.0,Very Low Confidence,2024,28,74296.0,Very Low Confidence,29.11,2024,Celsius,2024,"Middle East, North Africa, Afghanistan & Pakistan",High Income,,2024,76688.6941743178,2023,231.160313315927,2020,582000.0,2023,100.0,2024,2857822.0,145,390859.0,64.17,16.82,19.01,Household,0.2,4,Small (1M-10M),Hot (25°C-30°C),High GDP per Capita,9,100.00000000000001
Saudi Arabia,2024,Western Asia,105,3818681.0,High Confidence,2024,24,886420.0,Very Low Confidence,2024,20,715590.0,High Confidence,26.53,2024,Celsius,2024,"Middle East, North Africa, Afghanistan & Pakistan",High Income,,2024,35121.6628687742,2023,15.6779493787476,2019,20292000.0,2023,100.0,2024,35300280.0,149,5420691.0,70.45,16.35,13.2,Household,0.57,4,Medium (10M-50M),Hot (25°C-30°C),High GDP per Capita,9,100.00000000000001
State of Palestine,2024,Western Asia,102,534863.0,Low Confidence,2024,29,154360.0,Very Low Confidence,2024,31,165184.0,Very Low Confidence,20.45,2024,Celsius,,,,,,,,,,,,,,,162,854407.0,62.6,18.07,19.33,Household,,,,Warm (20°C-25°C),,3,100.0
Syrian Arab Republic,2024,Western Asia,172,3798032.0,Medium Confidence,2024,30,655502.0,Very Low Confidence,2024,26,570538.0,Very Low Confidence,19.78,2024,Celsius,2024,"Middle East, North Africa, Afghanistan & Pakistan",Low Income,IDA,2022,1051.67149587463,2023,128.490023416653,2019,2424000.0,2023,88.4,2024,24672760.0,228,5024072.0,75.6,13.05,11.36,Household,0.1,1,Medium (10M-50M),Cool (10°C-20°C),Low GDP per Capita,9,100.00999999999999
Turkey,2024,Western Asia,102,8694318.0,Low Confidence,2024,29,2509158.0,Very Low Confidence,2024,31,2685105.0,Very Low Confidence,12.93,2024,Celsius,2024,Europe & Central Asia,Upper Middle Income,IBRD,2024,15892.7157287241,2023,110.866214934449,2020,15971000.0,2023,100.0,2024,85518661.0,162,13888581.0,62.6,18.07,19.33,Household,0.19,3,Large (50M-100M),Cool (10°C-20°C),Upper-Middle GDP per Capita,9,100.0
United Arab Emirates,2024,Western Asia,99,930427.0,Low Confidence,2024,24,229822.0,Very Low Confidence,2024,28,259759.0,Very Low Confidence,28.94,2024,Celsius,2024,"Middle East, North Africa, Afghanistan & Pakistan",High Income,,2024,50273.5060469837,2023,147.616882568291,2020,8084000.0,2023,100.0,2024,10986400.0,151,1420008.0,65.52,16.18,18.29,Household,0.74,4,Medium (10M-50M),Hot (25°C-30°C),High GDP per Capita,9,99.98999999999998
Yemen,2024,Western Asia,104,3490097.0,Low Confidence,2024,30,998212.0,Very Low Confidence,2024,26,868827.0,Very Low Confidence,25.92,2024,Celsius,2024,"Middle East, North Africa, Afghanistan & Pakistan",Low Income,IDA,2018,633.887202451545,2023,74.6080250771824,2015,398000.0,2023,83.6,2024,40583164.0,160,5357136.0,65.15,18.63,16.22,Household,0.01,1,Medium (10M-50M),Hot (25°C-30°C),Low GDP per Capita,9,100.0
Austria,2024,Western Europe,83,742020.0,Eurostat,2024,23,205620.0,Eurostat,2024,9,80460.0,Eurostat,8.84,2024,Celsius,2024,Europe & Central Asia,High Income,,2024,58268.8787651601,2023,110.661185167232,2020,15091000.0,2023,100.0,2024,9177982.0,115,1028100.0,72.17,20.0,7.83,Household,1.64,4,Small (1M-10M),Cold (<10°C),High GDP per Capita,9,100.0
Belgium,2024,Western Europe,71,827860.0,Eurostat,2024,8,93280.0,Eurostat,2024,6,69960.0,Eurostat,11.92,2024,Celsius,2024,Europe & Central Asia,High Income,,2024,56614.5679499036,2023,386.303731881682,2020,2584000.0,2023,100.0,2024,11858610.0,85,991100.0,83.53,9.41,7.06,Household,0.22,4,Medium (10M-50M),Cool (10°C-20°C),High GDP per Capita,9,100.0
France,2024,Western Europe,61,3942430.0,Eurostat,2024,16,1034080.0,Eurostat,2024,12,775560.0,Eurostat,13.02,2024,Celsius,2024,Europe & Central Asia,High Income,,2024,46103.0840855884,2023,126.862020595603,2020,117109000.0,2023,100.0,2024,68551653.0,89,5752070.0,68.54,17.98,13.48,Household,1.71,4,Large (50M-100M),Cool (10°C-20°C),High GDP per Capita,9,100.00000000000001
Germany,2024,Western Europe,78,6502860.0,Eurostat,2024,22,1834140.0,Eurostat,2024,9,750330.0,Eurostat,10.89,2024,Celsius,2024,Europe & Central Asia,High Income,,2024,56103.7323182554,2023,238.351810090719,2020,12449000.0,2023,100.0,2024,83516593.0,109,9087330.0,71.56,20.18,8.26,Household,0.15,4,Large (50M-100M),Cool (10°C-20°C),High GDP per Capita,9,100.00000000000001
Liechtenstein,2024,Western Europe,81,3235.0,Low Confidence,2024,19,751.0,Low Confidence,2024,12,490.0,Low Confidence,9.12,2024,Celsius,2024,Europe & Central Asia,High Income,,2023,206780.590353385,2023,249.0375,2020,58400.0015258789,2023,100.0,2024,40450.0,112,4476.0,72.27,16.78,10.95,Household,1.44,4,Very Small (<1M),Cold (<10°C),High GDP per Capita,9,100.0
Luxembourg,2024,Western Europe,91,59150.0,Eurostat,2024,14,9100.0,Eurostat,2024,14,9100.0,Eurostat,11.34,2024,Celsius,2024,Europe & Central Asia,High Income,,2024,137781.681659123,2023,258.862052624628,2020,525000.0,2023,100.0,2024,677012.0,119,77350.0,76.47,11.76,11.76,Household,0.78,4,Very Small (<1M),Cool (10°C-20°C),High GDP per Capita,9,99.99000000000001
Monaco,2024,Western Europe,81,3235.0,Low Confidence,2024,19,751.0,Low Confidence,2024,12,490.0,Low Confidence,14.81,2024,Celsius,2024,Europe & Central Asia,High Income,,2024,288001.433369041,2023,18692.8982725528,2020,159000.0,2023,100.0,2024,38631.0,112,4476.0,72.27,16.78,10.95,Household,4.12,4,Very Small (<1M),Cool (10°C-20°C),High GDP per Capita,9,100.0
Netherlands,2024,Western Europe,59,1036040.0,Eurostat,2024,5,87800.0,Eurostat,2024,12,210720.0,Eurostat,11.68,2024,Celsius,2024,Europe & Central Asia,High Income,,2024,67520.4218956281,2023,530.950905850906,2020,7265000.0,2023,100.0,2024,17993485.0,76,1334560.0,77.63,6.58,15.79,Household,0.4,4,Medium (10M-50M),Cool (10°C-20°C),High GDP per Capita,9,100.0
Switzerland,2024,Western Europe,119,1041879.0,Medium Confidence,2024,31,268739.0,Medium Confidence,2024,18,152974.0,Medium Confidence,7.98,2024,Celsius,2024,Europe & Central Asia,High Income,,2024,103998.186685604,2023,224.978619136651,2019,11818000.0,2023,100.0,2024,9005582.0,168,1463592.0,71.19,18.36,10.45,Household,1.31,4,Small (1M-10M),Cold (<10°C),High GDP per Capita,9,100.0
